Match No.,Innings,Team,Player Name,Ballcount,Position,Short Description,Pick,Throw
4,1,Team C,Player 1,69,Square Leg,Player 13 missed a stumping opportunity,bad throw,run out
5,2,Team A,Player 6,80,Point,Player 8 dropped the catch,catch,missed stumping
6,2,Team C,Player 18,101,Cover,Player 11 saved a boundary,clean pick,direct hit
4,2,Team A,Player 19,77,Long-on,Player 19 dropped the catch,catch,run out
6,2,Team A,Player 14,47,Mid-off,Player 4 caught the ball in the deep,catch,direct hit
3,2,Team B,Player 12,19,Square Leg,Player 19 made a direct hit,clean pick,direct hit
1,1,Team C,Player 6,78,Square Leg,Player 10 caught the ball in the deep,clean pick,catch
2,1,Team C,Player 2,113,Square Leg,Player 13 saved a boundary,catch,catch
9,2,Team D,Player 14,39,Fine Leg,Player 16 threw the ball to bowler,clean pick,catch
2,2,Team B,Player 17,71,Long-on,Player 11 saved a boundary,clean pick,missed run out
1,1,Team D,Player 15,37,Point,Player 14 threw to the wicketkeeper,good throw,missed run out
4,2,Team A,Player 18,94,Cover,Player 16 fumbled the ball,bad throw,missed stumping
9,2,Team D,Player 20,81,Long-on,Player 2 threw the ball to bowler,good throw,missed stumping
7,2,Team C,Player 19,113,Third Man,Player 5 caught the ball,drop catch,run out
9,1,Team C,Player 20,101,Gully,Player 19 missed a stumping opportunity,catch,missed run out
9,1,Team A,Player 19,23,Long-on,Player 11 dropped the catch,clean pick,missed stumping
10,2,Team C,Player 9,21,Square Leg,Player 10 caught the ball in the deep,drop catch,run out
9,1,Team B,Player 10,7,Midwicket,Player 19 caught the ball in the deep,drop catch,run out
5,1,Team C,Player 4,65,Point,Player 3 caught the ball,catch,direct hit
4,2,Team B,Player 13,56,Square Leg,Player 11 caught the ball in the deep,fumble,run out
10,1,Team D,Player 5,6,Long-on,Player 19 made a direct hit,clean pick,direct hit
6,1,Team D,Player 13,49,Slip,Player 14 saved a boundary,clean pick,catch
10,1,Team B,Player 15,33,Long-on,Player 14 missed a stumping opportunity,good throw,missed stumping
8,2,Team A,Player 10,14,Cover,Player 10 made a direct hit,clean pick,direct hit
10,1,Team B,Player 19,2,Square Leg,Player 15 threw to the wicketkeeper,clean pick,missed run out
9,2,Team B,Player 10,53,Square Leg,Player 4 dropped the catch,drop catch,missed stumping
5,2,Team B,Player 7,92,Long-on,Player 1 threw the ball to bowler,fumble,run out
1,1,Team D,Player 15,57,Third Man,Player 18 caught the ball in the deep,fumble,missed stumping
8,2,Team C,Player 18,34,Slip,Player 16 missed a stumping opportunity,clean pick,missed stumping
4,1,Team D,Player 14,30,Mid-off,Player 19 fumbled the ball,fumble,missed stumping
6,2,Team D,Player 7,30,Third Man,Player 8 made a direct hit,clean pick,missed stumping
8,1,Team C,Player 19,40,Mid-off,Player 5 threw the ball to bowler,fumble,direct hit
6,2,Team D,Player 13,31,Gully,Player 15 dropped the catch,bad throw,missed run out
2,1,Team B,Player 2,118,Point,Player 8 threw to the wicketkeeper,clean pick,missed stumping
4,2,Team A,Player 12,68,Point,Player 2 dropped the catch,clean pick,missed run out
9,1,Team C,Player 19,41,Third Man,Player 19 intercepted the ball,drop catch,missed stumping
8,2,Team D,Player 11,117,Square Leg,Player 12 intercepted the ball,good throw,direct hit
2,1,Team A,Player 7,54,Long-on,Player 7 made a direct hit,drop catch,direct hit
7,1,Team C,Player 10,38,Square Leg,Player 8 saved a boundary,fumble,run out
3,2,Team C,Player 16,74,Gully,Player 11 caught the ball in the deep,catch,missed run out
6,1,Team B,Player 4,59,Midwicket,Player 7 saved a boundary,bad throw,run out
3,2,Team A,Player 15,22,Fine Leg,Player 2 threw to the wicketkeeper,catch,direct hit
2,1,Team D,Player 1,57,Square Leg,Player 10 missed a stumping opportunity,bad throw,catch
8,1,Team A,Player 13,19,Fine Leg,Player 1 caught the ball,clean pick,run out
2,2,Team B,Player 1,85,Fine Leg,Player 3 dropped the catch,catch,run out
10,2,Team B,Player 2,74,Midwicket,Player 17 missed a stumping opportunity,good throw,direct hit
8,2,Team A,Player 18,23,Long-on,Player 1 threw the ball to bowler,bad throw,run out
8,1,Team B,Player 16,82,Midwicket,Player 6 made a direct hit,bad throw,missed stumping
5,2,Team C,Player 13,64,Third Man,Player 13 made a direct hit,fumble,catch
8,2,Team A,Player 13,57,Midwicket,Player 4 threw the ball to bowler,bad throw,run out
5,2,Team C,Player 7,5,Point,Player 13 caught the ball,good throw,run out
4,2,Team B,Player 13,27,Midwicket,Player 14 saved a boundary,good throw,missed run out
9,2,Team D,Player 13,81,Third Man,Player 18 made a direct hit,bad throw,missed stumping
6,2,Team C,Player 5,78,Midwicket,Player 7 caught the ball,drop catch,catch
9,2,Team C,Player 12,96,Slip,Player 15 caught the ball,catch,direct hit
10,2,Team A,Player 13,17,Fine Leg,Player 11 made a direct hit,fumble,catch
3,1,Team D,Player 15,89,Slip,Player 13 caught the ball in the deep,good throw,missed stumping
5,1,Team B,Player 9,75,Cover,Player 20 threw the ball to bowler,fumble,missed run out
8,1,Team B,Player 19,18,Fine Leg,Player 5 fumbled the ball,good throw,catch
3,2,Team C,Player 19,90,Point,Player 6 threw the ball to bowler,fumble,missed run out
4,1,Team B,Player 20,40,Mid-off,Player 14 fumbled the ball,bad throw,catch
1,2,Team A,Player 14,28,Slip,Player 6 threw to the wicketkeeper,catch,missed run out
1,1,Team B,Player 4,104,Midwicket,Player 18 saved a boundary,bad throw,missed stumping
4,1,Team C,Player 16,42,Long-on,Player 14 caught the ball in the deep,drop catch,run out
8,2,Team A,Player 16,75,Mid-off,Player 14 made a direct hit,clean pick,catch
1,2,Team A,Player 12,63,Cover,Player 4 missed a stumping opportunity,drop catch,missed run out
6,2,Team B,Player 3,115,Point,Player 5 fumbled the ball,catch,direct hit
7,2,Team C,Player 8,73,Gully,Player 4 caught the ball,bad throw,missed run out
3,1,Team C,Player 20,28,Square Leg,Player 4 threw to the wicketkeeper,bad throw,catch
10,2,Team D,Player 14,97,Slip,Player 7 dropped the catch,drop catch,direct hit
7,2,Team C,Player 7,8,Square Leg,Player 5 intercepted the ball,fumble,direct hit
4,2,Team D,Player 13,42,Third Man,Player 3 saved a boundary,fumble,direct hit
9,2,Team A,Player 1,22,Midwicket,Player 6 made a direct hit,catch,direct hit
6,1,Team A,Player 13,53,Slip,Player 16 threw to the wicketkeeper,good throw,missed run out
6,2,Team A,Player 6,68,Square Leg,Player 3 made a direct hit,clean pick,missed stumping
6,1,Team B,Player 13,117,Square Leg,Player 15 made a direct hit,clean pick,missed stumping
9,1,Team B,Player 9,89,Gully,Player 14 made a direct hit,drop catch,missed stumping
3,2,Team A,Player 7,28,Third Man,Player 2 made a direct hit,clean pick,direct hit
5,2,Team C,Player 2,50,Cover,Player 13 fumbled the ball,drop catch,catch
2,2,Team B,Player 13,8,Mid-off,Player 17 made a direct hit,catch,direct hit
4,2,Team A,Player 8,80,Slip,Player 12 saved a boundary,catch,run out
5,1,Team B,Player 14,112,Cover,Player 11 missed a stumping opportunity,drop catch,run out
6,2,Team D,Player 9,74,Fine Leg,Player 15 caught the ball,drop catch,catch
9,1,Team C,Player 5,110,Point,Player 4 made a direct hit,drop catch,direct hit
6,1,Team C,Player 15,68,Point,Player 15 missed a stumping opportunity,fumble,missed stumping
3,1,Team B,Player 18,115,Midwicket,Player 2 fumbled the ball,clean pick,catch
9,1,Team D,Player 16,93,Gully,Player 12 missed a stumping opportunity,fumble,missed run out
5,2,Team C,Player 3,117,Midwicket,Player 11 intercepted the ball,fumble,catch
6,2,Team C,Player 7,86,Point,Player 1 threw to the wicketkeeper,bad throw,run out
1,2,Team B,Player 3,46,Cover,Player 15 threw the ball to bowler,clean pick,direct hit
4,2,Team C,Player 17,49,Square Leg,Player 19 dropped the catch,bad throw,missed run out
2,1,Team B,Player 12,108,Gully,Player 18 caught the ball,drop catch,catch
2,2,Team B,Player 19,2,Point,Player 1 made a direct hit,clean pick,catch
10,1,Team A,Player 6,33,Slip,Player 19 threw the ball to bowler,bad throw,direct hit
10,2,Team B,Player 17,100,Cover,Player 4 caught the ball,drop catch,direct hit
10,1,Team C,Player 16,90,Fine Leg,Player 4 missed a stumping opportunity,catch,missed run out
2,2,Team D,Player 1,28,Mid-off,Player 2 dropped the catch,catch,catch
3,1,Team B,Player 19,91,Cover,Player 19 made a direct hit,clean pick,missed run out
4,1,Team B,Player 19,107,Fine Leg,Player 2 threw the ball to bowler,catch,catch
6,2,Team B,Player 15,16,Square Leg,Player 17 fumbled the ball,catch,run out
10,1,Team C,Player 13,101,Long-on,Player 16 missed a stumping opportunity,catch,catch
9,2,Team A,Player 7,23,Third Man,Player 20 made a direct hit,bad throw,missed stumping
6,1,Team D,Player 3,84,Third Man,Player 17 fumbled the ball,clean pick,missed stumping
5,1,Team A,Player 11,73,Point,Player 10 missed a stumping opportunity,good throw,direct hit
3,2,Team D,Player 5,120,Long-on,Player 19 threw to the wicketkeeper,clean pick,missed run out
9,2,Team A,Player 5,94,Square Leg,Player 7 caught the ball,bad throw,run out
7,2,Team A,Player 18,101,Long-on,Player 11 fumbled the ball,catch,missed run out
8,1,Team A,Player 6,25,Third Man,Player 6 missed a stumping opportunity,fumble,run out
4,2,Team D,Player 20,27,Midwicket,Player 7 caught the ball,bad throw,missed run out
2,1,Team B,Player 11,83,Slip,Player 20 intercepted the ball,drop catch,run out
9,2,Team C,Player 18,25,Long-on,Player 9 threw the ball to bowler,fumble,direct hit
9,2,Team D,Player 19,73,Point,Player 8 intercepted the ball,drop catch,missed stumping
3,2,Team D,Player 4,44,Square Leg,Player 16 fumbled the ball,fumble,missed run out
1,2,Team C,Player 16,88,Midwicket,Player 5 threw the ball to bowler,clean pick,direct hit
4,2,Team B,Player 6,80,Midwicket,Player 16 made a direct hit,drop catch,missed stumping
3,1,Team B,Player 2,79,Midwicket,Player 4 dropped the catch,good throw,missed run out
2,2,Team B,Player 7,72,Third Man,Player 5 threw to the wicketkeeper,catch,catch
6,1,Team B,Player 18,90,Long-on,Player 3 missed a stumping opportunity,catch,run out
1,1,Team A,Player 6,90,Gully,Player 17 threw to the wicketkeeper,clean pick,run out
3,2,Team B,Player 9,74,Square Leg,Player 5 missed a stumping opportunity,catch,missed stumping
7,2,Team A,Player 9,113,Midwicket,Player 9 fumbled the ball,drop catch,catch
9,1,Team A,Player 8,85,Fine Leg,Player 1 saved a boundary,clean pick,missed stumping
9,1,Team A,Player 19,42,Fine Leg,Player 5 saved a boundary,drop catch,missed run out
4,1,Team D,Player 18,32,Mid-off,Player 16 threw to the wicketkeeper,clean pick,catch
5,2,Team B,Player 13,86,Square Leg,Player 10 fumbled the ball,catch,missed run out
10,2,Team A,Player 6,36,Mid-off,Player 14 threw to the wicketkeeper,catch,missed run out
2,2,Team C,Player 4,108,Mid-off,Player 6 fumbled the ball,fumble,missed run out
8,1,Team D,Player 18,13,Third Man,Player 6 dropped the catch,catch,catch
4,1,Team A,Player 16,49,Fine Leg,Player 17 intercepted the ball,good throw,catch
4,2,Team B,Player 8,45,Mid-off,Player 5 intercepted the ball,clean pick,catch
3,1,Team C,Player 2,86,Third Man,Player 15 intercepted the ball,fumble,run out
2,1,Team C,Player 4,79,Gully,Player 19 fumbled the ball,fumble,missed stumping
1,2,Team D,Player 8,40,Point,Player 15 saved a boundary,catch,catch
3,1,Team D,Player 7,61,Long-on,Player 2 missed a stumping opportunity,bad throw,catch
8,2,Team A,Player 3,100,Mid-off,Player 5 made a direct hit,drop catch,direct hit
6,1,Team A,Player 13,20,Square Leg,Player 16 missed a stumping opportunity,clean pick,run out
9,2,Team C,Player 11,120,Square Leg,Player 5 dropped the catch,catch,direct hit
1,1,Team A,Player 15,34,Cover,Player 19 missed a stumping opportunity,fumble,run out
10,2,Team C,Player 20,59,Cover,Player 18 caught the ball,bad throw,direct hit
2,1,Team C,Player 15,117,Gully,Player 2 made a direct hit,catch,missed stumping
10,1,Team D,Player 8,93,Third Man,Player 2 saved a boundary,catch,run out
1,1,Team B,Player 13,33,Square Leg,Player 14 fumbled the ball,bad throw,catch
4,2,Team C,Player 9,46,Slip,Player 4 threw to the wicketkeeper,clean pick,direct hit
2,1,Team C,Player 14,40,Slip,Player 18 dropped the catch,catch,missed run out
9,1,Team C,Player 4,62,Square Leg,Player 6 threw the ball to bowler,drop catch,missed run out
8,1,Team C,Player 18,103,Gully,Player 4 intercepted the ball,fumble,missed stumping
10,1,Team C,Player 2,37,Square Leg,Player 2 caught the ball in the deep,bad throw,missed run out
10,2,Team C,Player 20,7,Cover,Player 5 threw the ball to bowler,clean pick,direct hit
6,1,Team D,Player 14,35,Point,Player 19 caught the ball,drop catch,missed run out
9,2,Team C,Player 3,82,Third Man,Player 2 caught the ball in the deep,good throw,catch
8,2,Team B,Player 6,19,Long-on,Player 20 caught the ball,clean pick,missed run out
7,2,Team C,Player 8,71,Gully,Player 17 caught the ball,clean pick,direct hit
8,2,Team C,Player 15,117,Square Leg,Player 14 fumbled the ball,fumble,direct hit
6,2,Team B,Player 12,62,Gully,Player 4 missed a stumping opportunity,drop catch,missed run out
8,2,Team C,Player 11,96,Slip,Player 2 fumbled the ball,bad throw,run out
9,2,Team B,Player 2,33,Gully,Player 12 missed a stumping opportunity,fumble,missed stumping
5,1,Team B,Player 13,95,Midwicket,Player 3 caught the ball in the deep,clean pick,missed stumping
8,2,Team D,Player 6,7,Cover,Player 16 caught the ball,clean pick,run out
8,2,Team D,Player 17,63,Mid-off,Player 4 threw to the wicketkeeper,drop catch,missed run out
8,2,Team A,Player 11,50,Square Leg,Player 1 threw to the wicketkeeper,catch,direct hit
10,2,Team B,Player 11,18,Square Leg,Player 13 intercepted the ball,catch,missed stumping
1,1,Team B,Player 8,65,Square Leg,Player 10 threw to the wicketkeeper,drop catch,direct hit
1,1,Team A,Player 10,66,Gully,Player 9 saved a boundary,catch,direct hit
6,2,Team D,Player 13,70,Point,Player 11 dropped the catch,fumble,run out
2,1,Team B,Player 19,86,Square Leg,Player 9 fumbled the ball,clean pick,catch
2,2,Team D,Player 7,50,Long-on,Player 3 made a direct hit,fumble,run out
3,2,Team B,Player 1,119,Gully,Player 10 saved a boundary,good throw,missed stumping
2,2,Team C,Player 5,53,Fine Leg,Player 12 dropped the catch,bad throw,catch
6,1,Team A,Player 12,84,Third Man,Player 18 missed a stumping opportunity,good throw,run out
7,1,Team C,Player 6,15,Fine Leg,Player 11 missed a stumping opportunity,clean pick,catch
8,1,Team B,Player 12,83,Long-on,Player 13 threw to the wicketkeeper,fumble,missed stumping
1,2,Team C,Player 18,2,Midwicket,Player 5 made a direct hit,clean pick,run out
6,2,Team B,Player 4,64,Third Man,Player 5 made a direct hit,fumble,missed run out
10,2,Team B,Player 11,83,Long-on,Player 20 threw the ball to bowler,good throw,direct hit
10,2,Team A,Player 5,22,Slip,Player 3 caught the ball,catch,missed stumping
7,1,Team B,Player 16,36,Long-on,Player 4 made a direct hit,bad throw,run out
6,1,Team A,Player 8,87,Midwicket,Player 4 dropped the catch,bad throw,missed run out
6,1,Team A,Player 10,53,Slip,Player 10 made a direct hit,drop catch,direct hit
4,1,Team C,Player 20,93,Midwicket,Player 3 caught the ball,drop catch,catch
1,2,Team A,Player 8,19,Square Leg,Player 18 threw the ball to bowler,good throw,missed run out
3,1,Team A,Player 6,63,Midwicket,Player 13 made a direct hit,catch,missed stumping
10,1,Team B,Player 20,53,Gully,Player 9 caught the ball in the deep,clean pick,missed run out
1,1,Team C,Player 12,41,Mid-off,Player 10 caught the ball in the deep,drop catch,run out
4,1,Team C,Player 12,113,Long-on,Player 16 intercepted the ball,drop catch,direct hit
6,1,Team D,Player 6,78,Midwicket,Player 12 caught the ball,drop catch,direct hit
7,1,Team D,Player 3,86,Gully,Player 4 dropped the catch,drop catch,missed run out
8,1,Team D,Player 2,83,Third Man,Player 4 threw the ball to bowler,fumble,missed run out
7,2,Team A,Player 19,97,Slip,Player 9 missed a stumping opportunity,good throw,catch
7,2,Team A,Player 17,37,Third Man,Player 3 missed a stumping opportunity,clean pick,direct hit
10,1,Team D,Player 14,24,Square Leg,Player 1 caught the ball,catch,run out
9,1,Team B,Player 13,79,Cover,Player 13 fumbled the ball,catch,run out
10,1,Team B,Player 4,41,Gully,Player 11 made a direct hit,drop catch,direct hit
6,2,Team C,Player 14,14,Mid-off,Player 1 caught the ball,good throw,run out
9,2,Team A,Player 2,114,Gully,Player 11 caught the ball in the deep,catch,direct hit
5,1,Team C,Player 5,32,Third Man,Player 9 intercepted the ball,fumble,missed run out
4,1,Team D,Player 6,32,Third Man,Player 12 caught the ball in the deep,drop catch,missed stumping
4,2,Team A,Player 13,11,Cover,Player 13 threw to the wicketkeeper,drop catch,missed stumping
2,1,Team C,Player 3,57,Gully,Player 16 caught the ball in the deep,catch,catch
4,1,Team D,Player 12,1,Point,Player 2 missed a stumping opportunity,good throw,direct hit
8,1,Team D,Player 3,86,Slip,Player 11 intercepted the ball,drop catch,missed run out
2,1,Team B,Player 9,44,Gully,Player 18 caught the ball,clean pick,missed stumping
4,1,Team A,Player 10,82,Cover,Player 6 threw to the wicketkeeper,bad throw,direct hit
6,1,Team C,Player 10,51,Point,Player 4 threw the ball to bowler,fumble,missed stumping
6,1,Team D,Player 18,43,Third Man,Player 3 threw to the wicketkeeper,fumble,run out
1,1,Team D,Player 13,109,Long-on,Player 14 threw to the wicketkeeper,drop catch,direct hit
5,2,Team B,Player 2,22,Mid-off,Player 1 caught the ball,clean pick,missed stumping
5,2,Team C,Player 20,19,Point,Player 20 threw the ball to bowler,good throw,missed stumping
10,2,Team B,Player 6,109,Long-on,Player 10 intercepted the ball,drop catch,catch
8,2,Team D,Player 13,42,Third Man,Player 7 dropped the catch,drop catch,direct hit
6,2,Team B,Player 19,45,Midwicket,Player 17 fumbled the ball,clean pick,direct hit
4,1,Team D,Player 12,85,Mid-off,Player 8 threw the ball to bowler,clean pick,missed run out
3,2,Team D,Player 4,15,Point,Player 16 dropped the catch,catch,catch
5,2,Team D,Player 16,36,Cover,Player 19 threw the ball to bowler,drop catch,direct hit
8,2,Team D,Player 13,116,Square Leg,Player 3 missed a stumping opportunity,drop catch,catch
6,1,Team B,Player 1,94,Fine Leg,Player 9 caught the ball in the deep,good throw,direct hit
3,1,Team D,Player 15,97,Long-on,Player 9 dropped the catch,fumble,missed stumping
1,1,Team A,Player 9,82,Slip,Player 14 fumbled the ball,good throw,run out
3,1,Team D,Player 11,44,Midwicket,Player 16 caught the ball in the deep,bad throw,run out
5,1,Team A,Player 7,58,Midwicket,Player 16 fumbled the ball,good throw,missed run out
3,1,Team A,Player 15,101,Slip,Player 3 dropped the catch,bad throw,missed run out
4,1,Team C,Player 13,66,Third Man,Player 2 missed a stumping opportunity,good throw,catch
6,1,Team B,Player 11,50,Square Leg,Player 3 threw to the wicketkeeper,drop catch,missed run out
1,2,Team C,Player 4,52,Slip,Player 4 caught the ball,bad throw,run out
8,2,Team A,Player 3,95,Long-on,Player 2 threw to the wicketkeeper,drop catch,catch
1,2,Team C,Player 2,60,Mid-off,Player 15 threw the ball to bowler,clean pick,missed stumping
5,1,Team C,Player 13,5,Square Leg,Player 8 missed a stumping opportunity,clean pick,run out
6,2,Team C,Player 11,33,Fine Leg,Player 16 missed a stumping opportunity,fumble,missed run out
6,1,Team C,Player 1,77,Slip,Player 7 threw the ball to bowler,fumble,run out
6,1,Team B,Player 20,11,Fine Leg,Player 4 dropped the catch,drop catch,missed run out
7,1,Team D,Player 18,110,Midwicket,Player 18 fumbled the ball,clean pick,missed run out
3,2,Team B,Player 4,34,Third Man,Player 5 threw the ball to bowler,drop catch,missed stumping
10,1,Team D,Player 10,18,Midwicket,Player 4 missed a stumping opportunity,drop catch,catch
2,2,Team D,Player 4,12,Mid-off,Player 15 missed a stumping opportunity,fumble,direct hit
10,1,Team A,Player 3,80,Fine Leg,Player 10 made a direct hit,good throw,catch
10,1,Team C,Player 17,10,Cover,Player 3 caught the ball,good throw,direct hit
7,2,Team B,Player 3,61,Midwicket,Player 17 saved a boundary,good throw,run out
3,2,Team B,Player 16,31,Long-on,Player 14 threw the ball to bowler,good throw,missed stumping
6,2,Team D,Player 13,81,Point,Player 11 saved a boundary,fumble,run out
1,1,Team C,Player 7,104,Gully,Player 7 caught the ball in the deep,catch,missed stumping
1,1,Team D,Player 4,21,Third Man,Player 14 saved a boundary,fumble,missed run out
2,1,Team A,Player 12,59,Fine Leg,Player 2 threw the ball to bowler,good throw,missed stumping
9,2,Team A,Player 14,7,Mid-off,Player 18 saved a boundary,good throw,missed run out
9,1,Team B,Player 16,74,Slip,Player 4 missed a stumping opportunity,drop catch,direct hit
2,2,Team B,Player 16,36,Midwicket,Player 16 threw the ball to bowler,fumble,direct hit
10,1,Team C,Player 14,96,Square Leg,Player 18 threw to the wicketkeeper,fumble,missed stumping
8,2,Team C,Player 2,92,Point,Player 5 fumbled the ball,clean pick,catch
10,2,Team D,Player 16,69,Midwicket,Player 10 caught the ball in the deep,clean pick,missed run out
1,1,Team A,Player 1,53,Square Leg,Player 8 fumbled the ball,clean pick,missed stumping
9,1,Team C,Player 13,105,Third Man,Player 3 saved a boundary,clean pick,catch
3,1,Team C,Player 13,2,Fine Leg,Player 8 caught the ball,bad throw,missed run out
5,2,Team A,Player 16,2,Point,Player 1 saved a boundary,catch,run out
10,2,Team A,Player 8,94,Mid-off,Player 4 dropped the catch,catch,run out
1,2,Team A,Player 10,75,Slip,Player 3 saved a boundary,catch,missed stumping
4,2,Team A,Player 8,36,Third Man,Player 2 caught the ball,clean pick,missed run out
3,2,Team D,Player 12,49,Square Leg,Player 5 threw to the wicketkeeper,good throw,catch
10,2,Team A,Player 4,115,Cover,Player 16 made a direct hit,bad throw,catch
5,1,Team C,Player 13,112,Fine Leg,Player 15 dropped the catch,clean pick,catch
5,1,Team B,Player 11,45,Point,Player 2 intercepted the ball,good throw,direct hit
7,1,Team D,Player 11,88,Cover,Player 16 intercepted the ball,drop catch,missed run out
1,1,Team A,Player 1,2,Point,Player 8 saved a boundary,catch,missed run out
10,1,Team C,Player 17,90,Cover,Player 7 threw to the wicketkeeper,fumble,missed stumping
9,2,Team B,Player 3,100,Mid-off,Player 17 caught the ball,clean pick,missed run out
8,1,Team B,Player 8,63,Cover,Player 2 missed a stumping opportunity,good throw,catch
4,1,Team C,Player 8,11,Gully,Player 9 caught the ball,fumble,catch
2,1,Team C,Player 17,65,Gully,Player 19 fumbled the ball,bad throw,missed run out
1,2,Team A,Player 5,74,Third Man,Player 3 made a direct hit,fumble,run out
4,1,Team A,Player 4,81,Mid-off,Player 14 threw the ball to bowler,catch,run out
6,1,Team C,Player 11,91,Mid-off,Player 9 missed a stumping opportunity,clean pick,missed stumping
1,2,Team B,Player 4,14,Midwicket,Player 6 caught the ball in the deep,catch,direct hit
9,2,Team A,Player 15,55,Cover,Player 4 made a direct hit,drop catch,run out
7,1,Team B,Player 8,67,Third Man,Player 6 missed a stumping opportunity,catch,catch
8,1,Team A,Player 15,10,Midwicket,Player 9 caught the ball in the deep,fumble,direct hit
10,1,Team A,Player 4,3,Slip,Player 9 threw the ball to bowler,bad throw,missed stumping
3,1,Team C,Player 7,69,Fine Leg,Player 9 saved a boundary,clean pick,direct hit
1,2,Team B,Player 12,84,Midwicket,Player 15 made a direct hit,fumble,direct hit
6,1,Team C,Player 15,110,Gully,Player 8 threw the ball to bowler,drop catch,catch
2,2,Team B,Player 3,51,Point,Player 11 dropped the catch,catch,run out
3,1,Team C,Player 20,36,Midwicket,Player 16 threw to the wicketkeeper,bad throw,run out
5,2,Team A,Player 5,68,Mid-off,Player 9 saved a boundary,clean pick,direct hit
1,1,Team C,Player 12,97,Long-on,Player 9 threw to the wicketkeeper,catch,missed stumping
7,2,Team B,Player 11,113,Cover,Player 17 threw to the wicketkeeper,bad throw,missed run out
10,2,Team D,Player 17,83,Point,Player 3 threw the ball to bowler,good throw,catch
10,2,Team B,Player 18,13,Point,Player 8 dropped the catch,fumble,run out
3,2,Team A,Player 9,34,Midwicket,Player 8 saved a boundary,drop catch,direct hit
1,2,Team A,Player 6,43,Point,Player 4 dropped the catch,clean pick,direct hit
7,2,Team A,Player 1,111,Gully,Player 9 threw to the wicketkeeper,bad throw,missed stumping
8,2,Team C,Player 19,32,Third Man,Player 13 caught the ball in the deep,drop catch,missed stumping
3,2,Team B,Player 2,7,Slip,Player 10 threw the ball to bowler,drop catch,catch
8,2,Team B,Player 5,24,Cover,Player 11 dropped the catch,good throw,catch
6,1,Team A,Player 15,10,Gully,Player 18 fumbled the ball,drop catch,missed run out
8,2,Team D,Player 2,39,Slip,Player 14 fumbled the ball,bad throw,missed run out
4,1,Team A,Player 6,15,Point,Player 4 fumbled the ball,clean pick,run out
6,1,Team C,Player 18,2,Fine Leg,Player 7 fumbled the ball,fumble,catch
1,1,Team D,Player 15,77,Mid-off,Player 3 made a direct hit,fumble,run out
5,1,Team A,Player 9,92,Long-on,Player 6 saved a boundary,good throw,catch
4,2,Team D,Player 17,111,Mid-off,Player 16 made a direct hit,bad throw,missed stumping
1,2,Team D,Player 14,117,Slip,Player 6 intercepted the ball,good throw,direct hit
10,2,Team D,Player 8,21,Slip,Player 3 caught the ball,good throw,direct hit
3,1,Team B,Player 5,43,Fine Leg,Player 18 threw the ball to bowler,good throw,catch
9,1,Team C,Player 9,16,Mid-off,Player 14 saved a boundary,fumble,missed run out
9,1,Team B,Player 16,120,Midwicket,Player 5 intercepted the ball,bad throw,run out
9,2,Team D,Player 6,42,Square Leg,Player 4 missed a stumping opportunity,good throw,direct hit
1,1,Team B,Player 13,37,Mid-off,Player 2 caught the ball,clean pick,catch
2,2,Team D,Player 2,116,Square Leg,Player 11 missed a stumping opportunity,clean pick,run out
3,2,Team C,Player 20,30,Cover,Player 15 intercepted the ball,drop catch,direct hit
9,2,Team D,Player 19,28,Third Man,Player 12 threw to the wicketkeeper,bad throw,direct hit
5,1,Team B,Player 14,56,Fine Leg,Player 2 threw to the wicketkeeper,good throw,missed run out
1,2,Team A,Player 9,82,Fine Leg,Player 7 dropped the catch,fumble,direct hit
3,1,Team B,Player 16,99,Square Leg,Player 11 saved a boundary,clean pick,direct hit
10,1,Team A,Player 1,18,Fine Leg,Player 9 caught the ball,fumble,missed run out
3,2,Team C,Player 7,56,Midwicket,Player 2 threw the ball to bowler,fumble,direct hit
5,1,Team B,Player 4,51,Third Man,Player 9 fumbled the ball,fumble,catch
8,2,Team A,Player 16,117,Third Man,Player 14 caught the ball,fumble,direct hit
10,2,Team D,Player 13,56,Point,Player 15 fumbled the ball,clean pick,missed run out
6,1,Team B,Player 7,115,Square Leg,Player 11 missed a stumping opportunity,clean pick,missed run out
5,2,Team B,Player 3,4,Square Leg,Player 4 threw the ball to bowler,good throw,direct hit
9,1,Team B,Player 14,49,Fine Leg,Player 18 missed a stumping opportunity,good throw,run out
4,1,Team C,Player 4,60,Midwicket,Player 12 caught the ball,bad throw,run out
10,1,Team D,Player 4,30,Square Leg,Player 8 fumbled the ball,fumble,missed stumping
5,2,Team C,Player 5,63,Third Man,Player 20 intercepted the ball,catch,direct hit
3,2,Team D,Player 4,15,Square Leg,Player 18 missed a stumping opportunity,clean pick,direct hit
8,2,Team C,Player 1,53,Gully,Player 11 threw the ball to bowler,catch,missed stumping
4,1,Team C,Player 18,82,Square Leg,Player 4 missed a stumping opportunity,fumble,catch
5,1,Team A,Player 8,78,Square Leg,Player 19 caught the ball,good throw,catch
8,1,Team C,Player 19,48,Fine Leg,Player 10 caught the ball,clean pick,missed stumping
3,1,Team B,Player 20,28,Third Man,Player 12 intercepted the ball,bad throw,run out
8,2,Team C,Player 10,78,Gully,Player 15 threw the ball to bowler,drop catch,direct hit
3,2,Team A,Player 2,47,Long-on,Player 1 intercepted the ball,bad throw,run out
7,2,Team D,Player 5,24,Square Leg,Player 7 threw the ball to bowler,clean pick,catch
1,1,Team C,Player 10,14,Mid-off,Player 4 saved a boundary,drop catch,direct hit
7,1,Team D,Player 4,44,Fine Leg,Player 17 fumbled the ball,fumble,run out
4,1,Team A,Player 9,57,Fine Leg,Player 16 missed a stumping opportunity,drop catch,missed stumping
4,2,Team D,Player 5,103,Slip,Player 17 threw to the wicketkeeper,catch,missed stumping
6,1,Team D,Player 12,23,Gully,Player 20 caught the ball in the deep,good throw,run out
4,1,Team A,Player 6,13,Fine Leg,Player 1 caught the ball in the deep,clean pick,direct hit
7,1,Team C,Player 10,95,Midwicket,Player 1 fumbled the ball,catch,catch
5,2,Team A,Player 19,11,Third Man,Player 20 threw the ball to bowler,fumble,missed stumping
2,2,Team B,Player 14,116,Cover,Player 3 missed a stumping opportunity,drop catch,missed stumping
3,1,Team D,Player 7,24,Square Leg,Player 17 missed a stumping opportunity,drop catch,direct hit
4,1,Team C,Player 4,55,Gully,Player 4 saved a boundary,clean pick,run out
7,2,Team A,Player 4,18,Fine Leg,Player 9 threw the ball to bowler,good throw,run out
1,2,Team C,Player 18,118,Cover,Player 20 intercepted the ball,good throw,catch
7,1,Team A,Player 14,114,Mid-off,Player 12 caught the ball in the deep,fumble,missed stumping
7,1,Team C,Player 2,35,Gully,Player 2 caught the ball,catch,missed run out
2,2,Team D,Player 17,113,Midwicket,Player 10 missed a stumping opportunity,drop catch,missed stumping
3,1,Team A,Player 2,49,Point,Player 18 caught the ball in the deep,bad throw,run out
10,1,Team B,Player 18,62,Midwicket,Player 16 dropped the catch,clean pick,run out
10,2,Team D,Player 5,52,Slip,Player 5 caught the ball in the deep,good throw,catch
5,2,Team A,Player 1,71,Slip,Player 6 intercepted the ball,good throw,missed stumping
7,2,Team B,Player 10,89,Mid-off,Player 18 caught the ball in the deep,drop catch,direct hit
1,2,Team D,Player 16,110,Slip,Player 7 missed a stumping opportunity,good throw,catch
5,1,Team C,Player 20,96,Point,Player 17 saved a boundary,bad throw,missed run out
9,2,Team A,Player 12,66,Third Man,Player 8 intercepted the ball,drop catch,run out
3,2,Team C,Player 13,18,Square Leg,Player 12 threw the ball to bowler,bad throw,catch
9,2,Team D,Player 16,32,Midwicket,Player 10 missed a stumping opportunity,good throw,catch
9,2,Team D,Player 7,11,Midwicket,Player 8 caught the ball in the deep,good throw,direct hit
3,1,Team B,Player 13,23,Long-on,Player 13 saved a boundary,good throw,missed stumping
7,1,Team A,Player 9,48,Long-on,Player 19 threw the ball to bowler,good throw,direct hit
6,2,Team D,Player 18,61,Cover,Player 6 missed a stumping opportunity,catch,catch
10,2,Team D,Player 6,67,Mid-off,Player 7 fumbled the ball,catch,run out
1,1,Team C,Player 5,56,Fine Leg,Player 5 caught the ball in the deep,catch,catch
4,1,Team B,Player 5,47,Long-on,Player 4 caught the ball in the deep,bad throw,direct hit
9,2,Team C,Player 6,98,Square Leg,Player 12 caught the ball,drop catch,direct hit
10,1,Team B,Player 9,6,Long-on,Player 7 fumbled the ball,good throw,direct hit
3,1,Team D,Player 5,60,Third Man,Player 11 fumbled the ball,drop catch,missed run out
2,2,Team D,Player 7,83,Third Man,Player 19 caught the ball in the deep,drop catch,catch
10,1,Team C,Player 14,54,Long-on,Player 13 dropped the catch,good throw,missed stumping
1,2,Team C,Player 3,31,Mid-off,Player 17 caught the ball,bad throw,missed run out
2,1,Team B,Player 1,76,Slip,Player 4 threw to the wicketkeeper,drop catch,catch
1,1,Team C,Player 18,52,Cover,Player 8 missed a stumping opportunity,catch,missed stumping
4,2,Team B,Player 4,32,Third Man,Player 19 threw to the wicketkeeper,good throw,direct hit
3,2,Team C,Player 15,109,Point,Player 14 caught the ball,fumble,missed run out
8,2,Team A,Player 20,3,Point,Player 20 fumbled the ball,fumble,missed run out
9,2,Team A,Player 9,90,Slip,Player 19 made a direct hit,drop catch,catch
7,1,Team C,Player 4,35,Mid-off,Player 18 missed a stumping opportunity,good throw,run out
6,1,Team A,Player 6,119,Point,Player 2 threw to the wicketkeeper,drop catch,missed stumping
7,1,Team D,Player 19,109,Mid-off,Player 7 caught the ball,fumble,direct hit
8,2,Team A,Player 13,80,Slip,Player 19 intercepted the ball,catch,missed run out
6,2,Team C,Player 16,46,Square Leg,Player 16 threw the ball to bowler,clean pick,direct hit
1,1,Team B,Player 20,58,Mid-off,Player 15 fumbled the ball,clean pick,missed run out
8,1,Team A,Player 14,22,Slip,Player 17 missed a stumping opportunity,fumble,run out
3,2,Team D,Player 12,27,Gully,Player 14 intercepted the ball,fumble,missed stumping
5,2,Team B,Player 4,80,Point,Player 2 made a direct hit,good throw,missed stumping
9,1,Team B,Player 11,25,Cover,Player 14 missed a stumping opportunity,good throw,direct hit
2,1,Team B,Player 15,1,Mid-off,Player 6 missed a stumping opportunity,good throw,missed stumping
2,2,Team A,Player 20,49,Midwicket,Player 13 missed a stumping opportunity,fumble,missed stumping
3,1,Team B,Player 2,98,Slip,Player 1 dropped the catch,clean pick,direct hit
1,1,Team C,Player 10,7,Fine Leg,Player 19 intercepted the ball,fumble,missed stumping
1,2,Team B,Player 5,105,Mid-off,Player 3 missed a stumping opportunity,drop catch,catch
1,1,Team A,Player 3,113,Point,Player 8 caught the ball,fumble,catch
4,1,Team A,Player 12,39,Square Leg,Player 11 missed a stumping opportunity,drop catch,missed stumping
8,1,Team B,Player 19,89,Slip,Player 12 dropped the catch,good throw,catch
9,1,Team C,Player 19,56,Mid-off,Player 11 dropped the catch,catch,catch
6,2,Team B,Player 4,20,Third Man,Player 11 fumbled the ball,clean pick,missed run out
4,1,Team C,Player 18,56,Midwicket,Player 11 threw the ball to bowler,fumble,direct hit
2,1,Team A,Player 15,36,Midwicket,Player 18 saved a boundary,clean pick,direct hit
2,2,Team D,Player 7,108,Midwicket,Player 4 made a direct hit,clean pick,missed run out
9,2,Team C,Player 2,66,Mid-off,Player 2 saved a boundary,bad throw,direct hit
1,1,Team B,Player 11,27,Mid-off,Player 4 missed a stumping opportunity,drop catch,run out
3,1,Team D,Player 8,27,Point,Player 18 dropped the catch,catch,run out
1,2,Team D,Player 6,7,Square Leg,Player 6 threw the ball to bowler,catch,catch
9,1,Team C,Player 11,7,Cover,Player 6 dropped the catch,drop catch,missed stumping
1,2,Team B,Player 17,27,Fine Leg,Player 14 saved a boundary,good throw,direct hit
8,2,Team B,Player 6,41,Point,Player 11 missed a stumping opportunity,good throw,missed run out
1,2,Team D,Player 14,84,Square Leg,Player 16 caught the ball,fumble,catch
9,1,Team C,Player 12,19,Point,Player 14 made a direct hit,clean pick,run out
8,2,Team A,Player 16,42,Midwicket,Player 15 saved a boundary,fumble,catch
10,1,Team C,Player 14,40,Fine Leg,Player 2 dropped the catch,catch,run out
5,2,Team C,Player 14,46,Mid-off,Player 20 intercepted the ball,catch,direct hit
4,1,Team B,Player 11,81,Gully,Player 20 threw the ball to bowler,fumble,run out
3,1,Team B,Player 17,113,Slip,Player 14 made a direct hit,drop catch,run out
10,2,Team A,Player 9,78,Gully,Player 7 caught the ball in the deep,catch,run out
10,2,Team D,Player 20,34,Slip,Player 7 intercepted the ball,bad throw,direct hit
5,2,Team C,Player 18,92,Mid-off,Player 20 caught the ball in the deep,drop catch,run out
5,1,Team C,Player 10,60,Point,Player 4 saved a boundary,clean pick,missed stumping
3,2,Team A,Player 6,97,Point,Player 19 dropped the catch,catch,run out
4,1,Team A,Player 11,66,Cover,Player 20 intercepted the ball,catch,catch
6,1,Team B,Player 6,55,Mid-off,Player 17 missed a stumping opportunity,bad throw,missed stumping
3,2,Team B,Player 2,78,Square Leg,Player 20 threw the ball to bowler,fumble,catch
6,2,Team B,Player 15,102,Cover,Player 20 caught the ball in the deep,good throw,missed stumping
9,2,Team D,Player 19,108,Square Leg,Player 7 fumbled the ball,good throw,missed stumping
3,2,Team D,Player 11,85,Long-on,Player 13 dropped the catch,fumble,run out
8,2,Team D,Player 6,110,Third Man,Player 17 intercepted the ball,fumble,catch
5,1,Team C,Player 16,23,Point,Player 7 intercepted the ball,bad throw,catch
3,2,Team D,Player 9,119,Cover,Player 14 caught the ball in the deep,good throw,missed run out
8,2,Team B,Player 3,26,Point,Player 13 saved a boundary,clean pick,direct hit
8,2,Team B,Player 11,100,Mid-off,Player 3 dropped the catch,clean pick,missed run out
7,2,Team C,Player 17,65,Slip,Player 18 fumbled the ball,catch,missed run out
3,2,Team D,Player 19,83,Fine Leg,Player 1 intercepted the ball,bad throw,direct hit
4,1,Team B,Player 19,5,Third Man,Player 15 threw to the wicketkeeper,good throw,missed run out
6,1,Team B,Player 17,3,Third Man,Player 14 dropped the catch,good throw,direct hit
10,1,Team D,Player 14,73,Third Man,Player 7 fumbled the ball,bad throw,direct hit
6,1,Team C,Player 1,59,Mid-off,Player 12 intercepted the ball,drop catch,catch
5,2,Team B,Player 1,9,Mid-off,Player 4 threw the ball to bowler,bad throw,direct hit
10,2,Team B,Player 8,110,Cover,Player 19 saved a boundary,good throw,catch
6,2,Team D,Player 4,99,Square Leg,Player 9 threw to the wicketkeeper,clean pick,direct hit
8,2,Team B,Player 9,72,Point,Player 5 dropped the catch,fumble,direct hit
3,2,Team B,Player 7,49,Third Man,Player 2 threw to the wicketkeeper,catch,missed stumping
3,2,Team A,Player 9,13,Long-on,Player 2 threw the ball to bowler,clean pick,catch
3,2,Team D,Player 16,20,Midwicket,Player 19 made a direct hit,good throw,missed run out
10,2,Team B,Player 19,100,Slip,Player 20 caught the ball,catch,run out
2,2,Team B,Player 9,75,Square Leg,Player 13 dropped the catch,bad throw,run out
2,2,Team D,Player 1,35,Gully,Player 5 threw the ball to bowler,catch,missed stumping
2,2,Team A,Player 7,58,Square Leg,Player 20 made a direct hit,good throw,run out
8,1,Team B,Player 17,81,Long-on,Player 9 made a direct hit,catch,direct hit
9,2,Team A,Player 6,2,Point,Player 6 missed a stumping opportunity,fumble,missed stumping
7,2,Team B,Player 10,95,Third Man,Player 7 fumbled the ball,bad throw,direct hit
5,1,Team D,Player 6,4,Midwicket,Player 9 caught the ball,clean pick,catch
10,1,Team A,Player 8,113,Cover,Player 20 missed a stumping opportunity,bad throw,catch
7,2,Team B,Player 2,17,Third Man,Player 6 caught the ball,bad throw,catch
5,1,Team B,Player 6,115,Square Leg,Player 4 dropped the catch,fumble,run out
1,2,Team B,Player 7,86,Mid-off,Player 12 caught the ball in the deep,catch,catch
6,1,Team B,Player 2,115,Fine Leg,Player 18 dropped the catch,clean pick,catch
1,1,Team C,Player 15,8,Cover,Player 2 made a direct hit,fumble,direct hit
7,2,Team B,Player 18,43,Mid-off,Player 7 made a direct hit,good throw,missed stumping
10,1,Team A,Player 17,70,Gully,Player 14 dropped the catch,clean pick,catch
3,1,Team C,Player 11,17,Gully,Player 9 threw the ball to bowler,catch,catch
9,2,Team D,Player 18,6,Slip,Player 9 made a direct hit,bad throw,missed stumping
4,1,Team B,Player 17,116,Third Man,Player 15 threw the ball to bowler,bad throw,missed run out
9,2,Team B,Player 12,15,Third Man,Player 19 caught the ball,bad throw,run out
6,1,Team A,Player 19,14,Slip,Player 16 intercepted the ball,bad throw,catch
8,2,Team C,Player 8,18,Gully,Player 2 threw the ball to bowler,catch,direct hit
6,1,Team A,Player 4,26,Fine Leg,Player 1 caught the ball,catch,missed stumping
2,1,Team D,Player 11,94,Slip,Player 18 caught the ball in the deep,bad throw,missed stumping
4,1,Team A,Player 3,62,Point,Player 20 missed a stumping opportunity,fumble,missed run out
10,2,Team B,Player 15,52,Fine Leg,Player 11 threw the ball to bowler,bad throw,run out
5,1,Team A,Player 10,15,Fine Leg,Player 12 intercepted the ball,drop catch,catch
9,2,Team B,Player 7,68,Cover,Player 3 threw to the wicketkeeper,fumble,missed stumping
4,1,Team D,Player 20,71,Cover,Player 8 caught the ball in the deep,fumble,catch
2,2,Team A,Player 14,72,Square Leg,Player 7 threw to the wicketkeeper,catch,missed run out
3,2,Team A,Player 4,110,Fine Leg,Player 8 dropped the catch,catch,direct hit
3,1,Team C,Player 20,26,Mid-off,Player 17 threw to the wicketkeeper,catch,missed stumping
9,2,Team B,Player 18,77,Third Man,Player 9 threw the ball to bowler,bad throw,catch
6,2,Team C,Player 11,79,Mid-off,Player 13 dropped the catch,fumble,run out
10,2,Team C,Player 3,40,Slip,Player 1 intercepted the ball,good throw,missed stumping
6,2,Team C,Player 4,106,Point,Player 13 threw the ball to bowler,bad throw,missed stumping
9,1,Team B,Player 4,109,Midwicket,Player 13 caught the ball in the deep,fumble,missed run out
1,1,Team D,Player 10,76,Gully,Player 7 threw the ball to bowler,fumble,missed run out
9,1,Team C,Player 9,65,Point,Player 6 threw to the wicketkeeper,good throw,missed stumping
8,2,Team C,Player 10,46,Third Man,Player 12 fumbled the ball,bad throw,missed stumping
2,1,Team A,Player 10,97,Third Man,Player 14 caught the ball,bad throw,run out
6,1,Team D,Player 5,23,Long-on,Player 4 made a direct hit,good throw,missed run out
10,2,Team D,Player 9,96,Point,Player 19 saved a boundary,good throw,missed stumping
1,2,Team B,Player 15,20,Point,Player 1 intercepted the ball,bad throw,missed run out
5,1,Team B,Player 11,25,Gully,Player 1 caught the ball,bad throw,direct hit
1,1,Team D,Player 4,71,Midwicket,Player 20 threw to the wicketkeeper,catch,missed run out
6,1,Team C,Player 3,83,Point,Player 20 caught the ball in the deep,fumble,missed run out
8,1,Team D,Player 12,93,Slip,Player 15 fumbled the ball,catch,missed run out
10,1,Team D,Player 13,48,Cover,Player 14 made a direct hit,good throw,catch
8,2,Team B,Player 8,38,Cover,Player 8 threw to the wicketkeeper,fumble,direct hit
10,2,Team D,Player 7,6,Point,Player 13 caught the ball,drop catch,run out
4,2,Team B,Player 1,110,Long-on,Player 3 missed a stumping opportunity,good throw,missed stumping
6,2,Team B,Player 1,79,Third Man,Player 4 fumbled the ball,drop catch,missed stumping
7,2,Team A,Player 11,47,Point,Player 16 caught the ball,good throw,missed run out
10,1,Team B,Player 8,34,Square Leg,Player 18 threw the ball to bowler,catch,missed run out
1,1,Team B,Player 3,101,Third Man,Player 15 caught the ball,fumble,catch
6,2,Team D,Player 15,85,Gully,Player 13 caught the ball in the deep,fumble,direct hit
2,1,Team D,Player 10,66,Cover,Player 19 dropped the catch,bad throw,missed stumping
6,1,Team C,Player 4,48,Mid-off,Player 5 saved a boundary,catch,missed run out
4,1,Team C,Player 13,49,Cover,Player 9 dropped the catch,good throw,run out
5,2,Team C,Player 5,3,Cover,Player 16 caught the ball,drop catch,direct hit
1,2,Team B,Player 11,102,Long-on,Player 11 threw to the wicketkeeper,bad throw,missed run out
7,1,Team A,Player 19,58,Square Leg,Player 13 dropped the catch,fumble,missed run out
1,1,Team B,Player 9,86,Midwicket,Player 12 fumbled the ball,fumble,catch
3,1,Team D,Player 4,2,Slip,Player 14 threw to the wicketkeeper,good throw,catch
2,2,Team B,Player 5,42,Midwicket,Player 14 caught the ball,good throw,missed run out
6,2,Team D,Player 19,63,Cover,Player 18 caught the ball,clean pick,missed run out
4,1,Team D,Player 11,8,Third Man,Player 6 intercepted the ball,clean pick,missed stumping
4,2,Team D,Player 5,44,Gully,Player 5 threw the ball to bowler,fumble,missed stumping
10,2,Team C,Player 3,111,Slip,Player 15 saved a boundary,bad throw,missed stumping
7,1,Team B,Player 14,60,Gully,Player 10 dropped the catch,good throw,missed stumping
4,2,Team B,Player 19,47,Long-on,Player 18 threw to the wicketkeeper,catch,missed run out
2,2,Team B,Player 6,58,Square Leg,Player 11 saved a boundary,clean pick,direct hit
9,2,Team A,Player 16,28,Cover,Player 2 threw the ball to bowler,good throw,missed run out
1,2,Team D,Player 8,90,Long-on,Player 8 caught the ball in the deep,clean pick,direct hit
1,1,Team C,Player 14,48,Cover,Player 11 caught the ball in the deep,drop catch,missed stumping
8,1,Team C,Player 12,23,Square Leg,Player 9 caught the ball,good throw,missed stumping
5,2,Team A,Player 4,110,Midwicket,Player 14 caught the ball in the deep,fumble,missed run out
5,2,Team A,Player 6,97,Slip,Player 12 caught the ball,catch,missed stumping
5,2,Team D,Player 20,110,Third Man,Player 17 caught the ball in the deep,catch,catch
3,2,Team D,Player 7,39,Square Leg,Player 4 caught the ball,clean pick,direct hit
3,1,Team C,Player 16,34,Square Leg,Player 3 fumbled the ball,drop catch,run out
5,1,Team D,Player 5,103,Mid-off,Player 2 threw to the wicketkeeper,good throw,missed stumping
5,2,Team C,Player 14,77,Third Man,Player 10 missed a stumping opportunity,clean pick,run out
2,2,Team C,Player 2,82,Long-on,Player 19 threw to the wicketkeeper,clean pick,missed run out
1,1,Team A,Player 19,89,Slip,Player 16 dropped the catch,clean pick,run out
8,2,Team D,Player 1,118,Cover,Player 20 caught the ball in the deep,bad throw,run out
6,2,Team A,Player 15,14,Fine Leg,Player 14 dropped the catch,good throw,catch
10,2,Team C,Player 19,24,Square Leg,Player 14 fumbled the ball,clean pick,missed stumping
10,2,Team A,Player 3,109,Mid-off,Player 10 missed a stumping opportunity,good throw,direct hit
6,2,Team A,Player 13,80,Mid-off,Player 10 dropped the catch,good throw,run out
5,2,Team B,Player 1,64,Third Man,Player 7 caught the ball,catch,missed run out
8,2,Team B,Player 5,21,Long-on,Player 15 caught the ball in the deep,fumble,catch
6,2,Team C,Player 11,23,Point,Player 18 missed a stumping opportunity,good throw,run out
7,1,Team B,Player 12,88,Square Leg,Player 12 caught the ball,drop catch,catch
6,2,Team A,Player 16,84,Third Man,Player 2 dropped the catch,catch,direct hit
1,1,Team D,Player 19,93,Long-on,Player 15 saved a boundary,clean pick,catch
9,1,Team D,Player 3,36,Point,Player 5 threw the ball to bowler,fumble,direct hit
9,2,Team B,Player 20,56,Long-on,Player 14 made a direct hit,clean pick,run out
8,1,Team D,Player 11,26,Mid-off,Player 2 threw the ball to bowler,catch,missed run out
5,2,Team D,Player 6,80,Point,Player 17 missed a stumping opportunity,bad throw,missed run out
8,2,Team C,Player 14,97,Square Leg,Player 1 dropped the catch,catch,missed run out
9,1,Team B,Player 10,26,Point,Player 4 caught the ball,fumble,missed stumping
2,2,Team A,Player 19,43,Gully,Player 12 missed a stumping opportunity,clean pick,missed stumping
5,1,Team D,Player 2,16,Slip,Player 13 fumbled the ball,clean pick,run out
2,1,Team A,Player 8,99,Point,Player 11 missed a stumping opportunity,clean pick,catch
8,2,Team D,Player 17,32,Slip,Player 5 caught the ball in the deep,drop catch,direct hit
9,1,Team A,Player 3,13,Cover,Player 14 dropped the catch,clean pick,missed stumping
5,1,Team D,Player 5,104,Gully,Player 14 caught the ball,drop catch,catch
5,1,Team C,Player 8,55,Mid-off,Player 9 made a direct hit,clean pick,run out
3,1,Team A,Player 16,5,Slip,Player 16 saved a boundary,fumble,catch
10,2,Team B,Player 6,92,Third Man,Player 11 fumbled the ball,bad throw,catch
3,1,Team D,Player 18,62,Midwicket,Player 2 missed a stumping opportunity,clean pick,missed run out
6,2,Team C,Player 6,32,Fine Leg,Player 2 saved a boundary,bad throw,run out
1,1,Team B,Player 6,65,Mid-off,Player 4 intercepted the ball,drop catch,catch
7,1,Team C,Player 9,93,Mid-off,Player 7 threw the ball to bowler,good throw,direct hit
3,2,Team D,Player 7,51,Slip,Player 11 intercepted the ball,good throw,run out
6,1,Team A,Player 12,29,Point,Player 19 threw the ball to bowler,bad throw,missed run out
10,2,Team B,Player 7,32,Square Leg,Player 3 saved a boundary,bad throw,missed stumping
10,2,Team C,Player 11,120,Cover,Player 7 threw the ball to bowler,bad throw,direct hit
4,2,Team D,Player 6,22,Cover,Player 11 fumbled the ball,drop catch,run out
6,1,Team C,Player 1,65,Fine Leg,Player 3 made a direct hit,fumble,run out
9,2,Team A,Player 15,64,Fine Leg,Player 4 missed a stumping opportunity,drop catch,run out
3,2,Team B,Player 10,105,Midwicket,Player 5 saved a boundary,bad throw,missed stumping
3,1,Team D,Player 19,79,Mid-off,Player 6 intercepted the ball,drop catch,missed stumping
8,1,Team A,Player 15,89,Midwicket,Player 18 saved a boundary,fumble,missed run out
1,1,Team B,Player 15,82,Fine Leg,Player 10 caught the ball in the deep,good throw,catch
2,1,Team A,Player 9,72,Midwicket,Player 6 threw the ball to bowler,drop catch,missed run out
9,1,Team C,Player 1,110,Long-on,Player 15 threw to the wicketkeeper,catch,direct hit
1,1,Team B,Player 5,107,Square Leg,Player 16 missed a stumping opportunity,clean pick,missed stumping
2,1,Team B,Player 15,21,Midwicket,Player 9 threw to the wicketkeeper,drop catch,missed run out
1,2,Team A,Player 11,92,Long-on,Player 8 missed a stumping opportunity,catch,missed stumping
4,1,Team B,Player 5,58,Slip,Player 8 caught the ball in the deep,bad throw,run out
9,1,Team A,Player 10,97,Slip,Player 6 caught the ball in the deep,good throw,catch
2,2,Team B,Player 7,25,Gully,Player 18 made a direct hit,bad throw,missed stumping
10,2,Team A,Player 12,43,Mid-off,Player 5 made a direct hit,good throw,direct hit
2,2,Team C,Player 19,67,Point,Player 10 intercepted the ball,bad throw,missed stumping
4,1,Team D,Player 10,41,Midwicket,Player 18 missed a stumping opportunity,drop catch,missed run out
10,2,Team C,Player 1,48,Square Leg,Player 15 saved a boundary,good throw,catch
3,1,Team B,Player 10,11,Midwicket,Player 1 caught the ball,good throw,direct hit
3,2,Team A,Player 2,30,Square Leg,Player 6 intercepted the ball,clean pick,run out
2,2,Team A,Player 18,18,Midwicket,Player 9 fumbled the ball,catch,missed run out
1,1,Team C,Player 18,57,Long-on,Player 4 dropped the catch,good throw,missed stumping
6,2,Team B,Player 3,104,Midwicket,Player 12 caught the ball in the deep,clean pick,missed run out
1,2,Team A,Player 17,14,Midwicket,Player 14 caught the ball,catch,direct hit
2,2,Team C,Player 6,81,Midwicket,Player 13 caught the ball,clean pick,direct hit
9,2,Team A,Player 13,81,Mid-off,Player 9 dropped the catch,drop catch,direct hit
7,1,Team C,Player 11,116,Midwicket,Player 3 made a direct hit,drop catch,missed run out
7,1,Team A,Player 4,4,Long-on,Player 6 made a direct hit,fumble,missed stumping
6,2,Team B,Player 5,12,Gully,Player 1 saved a boundary,good throw,missed run out
9,1,Team A,Player 6,49,Long-on,Player 5 made a direct hit,clean pick,missed run out
10,1,Team B,Player 13,72,Square Leg,Player 6 caught the ball in the deep,good throw,run out
4,1,Team A,Player 4,81,Cover,Player 20 missed a stumping opportunity,good throw,run out
9,1,Team B,Player 15,117,Mid-off,Player 18 caught the ball in the deep,bad throw,missed stumping
9,1,Team C,Player 4,118,Mid-off,Player 15 caught the ball,bad throw,run out
7,1,Team C,Player 8,95,Point,Player 12 caught the ball,catch,direct hit
5,1,Team C,Player 8,4,Cover,Player 15 saved a boundary,catch,catch
2,1,Team C,Player 10,74,Cover,Player 3 intercepted the ball,bad throw,missed stumping
3,1,Team D,Player 14,97,Mid-off,Player 9 missed a stumping opportunity,drop catch,missed stumping
2,1,Team D,Player 4,79,Slip,Player 15 intercepted the ball,fumble,run out
2,1,Team A,Player 4,6,Third Man,Player 6 threw to the wicketkeeper,fumble,run out
9,2,Team A,Player 16,105,Fine Leg,Player 6 caught the ball in the deep,bad throw,catch
7,2,Team A,Player 7,88,Square Leg,Player 9 threw to the wicketkeeper,good throw,missed stumping
1,2,Team B,Player 4,60,Midwicket,Player 10 saved a boundary,good throw,catch
10,2,Team D,Player 19,100,Long-on,Player 16 saved a boundary,bad throw,run out
8,1,Team A,Player 9,112,Mid-off,Player 9 dropped the catch,good throw,run out
3,2,Team B,Player 5,106,Midwicket,Player 6 saved a boundary,catch,missed run out
9,1,Team B,Player 3,53,Fine Leg,Player 8 caught the ball in the deep,catch,run out
6,1,Team C,Player 18,21,Square Leg,Player 10 threw the ball to bowler,fumble,missed run out
8,1,Team D,Player 11,10,Cover,Player 13 intercepted the ball,bad throw,catch
5,2,Team D,Player 14,70,Fine Leg,Player 12 threw to the wicketkeeper,clean pick,catch
1,2,Team C,Player 3,51,Third Man,Player 16 threw the ball to bowler,drop catch,missed run out
4,1,Team C,Player 2,92,Cover,Player 10 made a direct hit,clean pick,run out
5,1,Team C,Player 10,87,Point,Player 6 missed a stumping opportunity,good throw,missed stumping
4,2,Team D,Player 1,92,Midwicket,Player 11 caught the ball,bad throw,missed run out
9,2,Team D,Player 13,119,Slip,Player 9 threw to the wicketkeeper,clean pick,missed run out
7,1,Team B,Player 1,84,Point,Player 20 threw the ball to bowler,bad throw,missed stumping
2,2,Team B,Player 15,108,Gully,Player 14 made a direct hit,fumble,direct hit
2,2,Team C,Player 1,57,Square Leg,Player 13 threw to the wicketkeeper,drop catch,missed run out
7,1,Team A,Player 12,89,Point,Player 9 caught the ball in the deep,good throw,missed stumping
10,1,Team C,Player 6,81,Slip,Player 7 caught the ball in the deep,good throw,missed run out
7,1,Team B,Player 15,26,Long-on,Player 15 caught the ball in the deep,fumble,missed run out
2,2,Team D,Player 19,90,Mid-off,Player 18 dropped the catch,catch,missed run out
8,2,Team D,Player 20,7,Gully,Player 13 dropped the catch,drop catch,run out
9,2,Team D,Player 7,28,Slip,Player 18 caught the ball,fumble,direct hit
2,2,Team A,Player 18,50,Midwicket,Player 18 saved a boundary,bad throw,missed run out
3,2,Team B,Player 13,86,Mid-off,Player 3 threw the ball to bowler,good throw,catch
6,1,Team A,Player 5,42,Fine Leg,Player 1 caught the ball in the deep,catch,missed stumping
3,2,Team A,Player 15,104,Point,Player 2 fumbled the ball,bad throw,missed run out
1,1,Team D,Player 18,78,Midwicket,Player 7 missed a stumping opportunity,bad throw,catch
2,2,Team D,Player 8,119,Fine Leg,Player 12 threw to the wicketkeeper,drop catch,missed stumping
5,2,Team C,Player 14,17,Fine Leg,Player 12 caught the ball,clean pick,catch
3,1,Team A,Player 9,79,Fine Leg,Player 20 saved a boundary,catch,direct hit
5,2,Team C,Player 12,50,Long-on,Player 9 threw the ball to bowler,good throw,missed stumping
1,2,Team C,Player 18,21,Third Man,Player 12 made a direct hit,good throw,run out
3,1,Team C,Player 18,7,Mid-off,Player 15 made a direct hit,fumble,direct hit
7,2,Team C,Player 3,24,Cover,Player 6 saved a boundary,bad throw,missed run out
7,1,Team C,Player 8,40,Third Man,Player 10 made a direct hit,good throw,direct hit
3,2,Team D,Player 8,109,Third Man,Player 5 threw to the wicketkeeper,good throw,catch
7,1,Team A,Player 3,97,Point,Player 1 saved a boundary,bad throw,direct hit
1,1,Team B,Player 20,83,Point,Player 19 caught the ball in the deep,catch,catch
7,1,Team A,Player 3,49,Third Man,Player 1 dropped the catch,clean pick,missed run out
2,1,Team A,Player 3,100,Point,Player 7 saved a boundary,fumble,missed run out
5,2,Team C,Player 16,64,Midwicket,Player 12 saved a boundary,catch,catch
2,1,Team A,Player 1,63,Cover,Player 9 made a direct hit,bad throw,direct hit
6,2,Team B,Player 11,116,Midwicket,Player 17 dropped the catch,drop catch,direct hit
8,1,Team A,Player 16,104,Mid-off,Player 9 made a direct hit,bad throw,missed stumping
6,1,Team C,Player 8,119,Square Leg,Player 14 missed a stumping opportunity,fumble,catch
6,1,Team B,Player 11,116,Mid-off,Player 6 threw the ball to bowler,catch,direct hit
2,2,Team B,Player 6,33,Third Man,Player 10 missed a stumping opportunity,clean pick,catch
3,1,Team A,Player 18,34,Square Leg,Player 14 made a direct hit,clean pick,run out
7,1,Team A,Player 7,13,Cover,Player 6 caught the ball in the deep,bad throw,catch
2,2,Team A,Player 14,44,Gully,Player 14 fumbled the ball,fumble,direct hit
3,1,Team D,Player 4,57,Fine Leg,Player 11 threw the ball to bowler,clean pick,missed run out
8,2,Team A,Player 3,76,Square Leg,Player 1 saved a boundary,clean pick,catch
1,1,Team A,Player 9,120,Mid-off,Player 1 missed a stumping opportunity,clean pick,missed stumping
7,2,Team A,Player 15,100,Mid-off,Player 7 dropped the catch,good throw,catch
5,1,Team A,Player 2,95,Third Man,Player 18 fumbled the ball,good throw,run out
3,1,Team D,Player 9,20,Third Man,Player 20 threw to the wicketkeeper,clean pick,missed stumping
5,2,Team C,Player 9,37,Square Leg,Player 9 intercepted the ball,fumble,missed stumping
10,1,Team C,Player 16,10,Third Man,Player 6 saved a boundary,drop catch,run out
9,2,Team C,Player 12,58,Point,Player 6 made a direct hit,drop catch,run out
2,2,Team D,Player 11,21,Cover,Player 1 missed a stumping opportunity,fumble,catch
10,1,Team A,Player 20,67,Mid-off,Player 10 missed a stumping opportunity,good throw,missed run out
5,2,Team A,Player 20,97,Cover,Player 7 caught the ball in the deep,catch,direct hit
2,1,Team A,Player 8,57,Mid-off,Player 7 made a direct hit,clean pick,catch
2,1,Team C,Player 8,48,Cover,Player 11 intercepted the ball,clean pick,catch
4,2,Team B,Player 17,96,Square Leg,Player 13 saved a boundary,good throw,missed stumping
6,2,Team B,Player 1,119,Fine Leg,Player 4 made a direct hit,good throw,missed stumping
7,1,Team C,Player 19,97,Third Man,Player 11 threw to the wicketkeeper,drop catch,missed stumping
3,1,Team D,Player 15,106,Third Man,Player 3 dropped the catch,bad throw,catch
10,2,Team C,Player 12,26,Fine Leg,Player 6 intercepted the ball,fumble,missed run out
10,1,Team D,Player 17,119,Point,Player 9 fumbled the ball,catch,missed stumping
9,1,Team D,Player 14,115,Slip,Player 14 threw to the wicketkeeper,fumble,run out
5,2,Team D,Player 1,64,Mid-off,Player 5 missed a stumping opportunity,fumble,catch
5,1,Team D,Player 18,83,Point,Player 11 dropped the catch,drop catch,direct hit
3,1,Team D,Player 9,19,Long-on,Player 12 saved a boundary,fumble,catch
8,1,Team D,Player 20,92,Square Leg,Player 15 fumbled the ball,fumble,catch
6,1,Team D,Player 8,4,Midwicket,Player 3 caught the ball in the deep,bad throw,missed run out
10,2,Team A,Player 10,44,Gully,Player 10 threw to the wicketkeeper,clean pick,catch
1,1,Team B,Player 12,91,Gully,Player 16 dropped the catch,clean pick,direct hit
10,1,Team C,Player 20,61,Midwicket,Player 2 threw to the wicketkeeper,clean pick,direct hit
10,2,Team C,Player 6,114,Cover,Player 2 dropped the catch,catch,missed stumping
2,1,Team D,Player 7,90,Fine Leg,Player 5 missed a stumping opportunity,bad throw,missed run out
1,1,Team D,Player 12,12,Gully,Player 15 threw to the wicketkeeper,fumble,catch
6,2,Team C,Player 4,42,Gully,Player 17 saved a boundary,catch,run out
1,1,Team D,Player 12,5,Long-on,Player 19 threw to the wicketkeeper,drop catch,direct hit
5,1,Team B,Player 6,85,Gully,Player 15 missed a stumping opportunity,catch,missed stumping
5,1,Team C,Player 20,76,Point,Player 7 intercepted the ball,catch,direct hit
8,1,Team A,Player 13,20,Gully,Player 17 caught the ball in the deep,drop catch,catch
6,1,Team B,Player 18,113,Third Man,Player 15 threw the ball to bowler,bad throw,direct hit
9,2,Team A,Player 9,36,Square Leg,Player 14 threw the ball to bowler,clean pick,missed stumping
9,2,Team A,Player 10,37,Square Leg,Player 5 saved a boundary,fumble,missed stumping
5,1,Team C,Player 3,79,Midwicket,Player 15 made a direct hit,fumble,missed stumping
2,2,Team C,Player 14,70,Square Leg,Player 16 made a direct hit,good throw,missed run out
6,2,Team B,Player 17,46,Gully,Player 3 caught the ball,drop catch,direct hit
5,1,Team D,Player 16,10,Fine Leg,Player 18 missed a stumping opportunity,good throw,missed stumping
4,2,Team D,Player 20,62,Gully,Player 11 missed a stumping opportunity,drop catch,direct hit
5,2,Team C,Player 7,29,Fine Leg,Player 10 fumbled the ball,good throw,missed stumping
4,2,Team B,Player 12,1,Gully,Player 19 made a direct hit,bad throw,missed run out
10,1,Team C,Player 8,61,Slip,Player 5 caught the ball,fumble,direct hit
8,2,Team D,Player 15,21,Gully,Player 15 fumbled the ball,catch,catch
2,1,Team B,Player 6,61,Third Man,Player 1 dropped the catch,drop catch,direct hit
8,2,Team C,Player 6,60,Point,Player 1 intercepted the ball,clean pick,missed run out
4,2,Team B,Player 4,90,Cover,Player 2 caught the ball in the deep,clean pick,run out
9,1,Team D,Player 1,3,Third Man,Player 4 caught the ball in the deep,drop catch,missed run out
8,2,Team B,Player 14,11,Slip,Player 19 saved a boundary,fumble,direct hit
2,2,Team B,Player 11,73,Square Leg,Player 17 caught the ball,bad throw,direct hit
5,1,Team B,Player 19,109,Slip,Player 10 made a direct hit,catch,run out
1,1,Team C,Player 20,48,Midwicket,Player 14 threw the ball to bowler,fumble,missed stumping
6,2,Team C,Player 18,43,Long-on,Player 15 made a direct hit,catch,run out
10,1,Team A,Player 19,69,Long-on,Player 7 dropped the catch,good throw,missed run out
1,1,Team D,Player 10,71,Mid-off,Player 18 made a direct hit,drop catch,catch
2,1,Team A,Player 16,23,Mid-off,Player 19 fumbled the ball,clean pick,missed stumping
3,2,Team D,Player 5,103,Slip,Player 13 threw the ball to bowler,bad throw,direct hit
6,1,Team A,Player 15,28,Fine Leg,Player 18 caught the ball in the deep,good throw,direct hit
5,2,Team C,Player 6,82,Cover,Player 8 saved a boundary,clean pick,run out
6,1,Team B,Player 10,44,Fine Leg,Player 5 dropped the catch,catch,missed stumping
7,1,Team A,Player 1,49,Point,Player 2 missed a stumping opportunity,clean pick,direct hit
7,2,Team C,Player 12,55,Fine Leg,Player 15 saved a boundary,drop catch,missed run out
7,1,Team B,Player 11,59,Square Leg,Player 11 threw the ball to bowler,fumble,missed stumping
9,2,Team D,Player 12,10,Slip,Player 12 saved a boundary,good throw,direct hit
5,2,Team C,Player 1,36,Fine Leg,Player 17 fumbled the ball,clean pick,catch
4,1,Team D,Player 1,73,Gully,Player 17 intercepted the ball,bad throw,missed run out
10,1,Team C,Player 20,87,Square Leg,Player 19 missed a stumping opportunity,catch,run out
2,1,Team C,Player 2,24,Fine Leg,Player 15 missed a stumping opportunity,good throw,catch
8,2,Team D,Player 7,108,Midwicket,Player 12 dropped the catch,fumble,run out
4,1,Team A,Player 5,14,Point,Player 2 threw the ball to bowler,good throw,missed run out
4,2,Team C,Player 15,37,Slip,Player 14 threw to the wicketkeeper,catch,missed run out
3,2,Team A,Player 7,19,Point,Player 8 dropped the catch,bad throw,direct hit
6,1,Team B,Player 15,86,Third Man,Player 11 made a direct hit,fumble,missed run out
3,1,Team B,Player 7,42,Cover,Player 4 threw to the wicketkeeper,fumble,run out
4,1,Team D,Player 15,84,Mid-off,Player 14 missed a stumping opportunity,fumble,direct hit
6,2,Team C,Player 4,70,Point,Player 3 threw the ball to bowler,catch,missed run out
7,2,Team D,Player 5,93,Third Man,Player 6 caught the ball in the deep,fumble,missed stumping
4,2,Team B,Player 12,40,Third Man,Player 4 threw to the wicketkeeper,fumble,run out
6,2,Team C,Player 16,8,Square Leg,Player 4 caught the ball in the deep,catch,missed run out
1,1,Team B,Player 5,117,Point,Player 17 made a direct hit,good throw,direct hit
2,2,Team D,Player 2,60,Gully,Player 5 intercepted the ball,clean pick,run out
9,1,Team A,Player 7,108,Point,Player 15 threw to the wicketkeeper,bad throw,direct hit
6,1,Team B,Player 14,118,Mid-off,Player 3 threw to the wicketkeeper,good throw,direct hit
1,1,Team C,Player 12,1,Slip,Player 13 dropped the catch,clean pick,missed stumping
4,1,Team C,Player 9,54,Slip,Player 8 threw to the wicketkeeper,good throw,catch
7,2,Team A,Player 15,66,Midwicket,Player 6 intercepted the ball,bad throw,missed stumping
5,2,Team B,Player 18,110,Square Leg,Player 16 threw the ball to bowler,drop catch,run out
6,2,Team B,Player 14,91,Cover,Player 1 missed a stumping opportunity,good throw,catch
1,1,Team D,Player 15,25,Long-on,Player 10 caught the ball,catch,missed stumping
8,2,Team A,Player 17,24,Square Leg,Player 17 dropped the catch,clean pick,missed run out
4,1,Team C,Player 13,43,Square Leg,Player 6 dropped the catch,drop catch,missed stumping
3,1,Team D,Player 20,114,Slip,Player 15 intercepted the ball,bad throw,catch
3,2,Team B,Player 5,77,Long-on,Player 6 caught the ball in the deep,drop catch,run out
5,1,Team B,Player 14,117,Slip,Player 17 missed a stumping opportunity,clean pick,missed run out
8,1,Team C,Player 3,11,Fine Leg,Player 6 saved a boundary,bad throw,missed run out
9,1,Team B,Player 5,12,Midwicket,Player 1 intercepted the ball,drop catch,missed stumping
5,1,Team D,Player 6,48,Long-on,Player 8 made a direct hit,drop catch,direct hit
9,1,Team C,Player 15,12,Slip,Player 9 fumbled the ball,bad throw,direct hit
8,2,Team B,Player 10,55,Third Man,Player 19 saved a boundary,drop catch,catch
1,1,Team D,Player 6,95,Square Leg,Player 1 fumbled the ball,catch,catch
1,2,Team A,Player 7,55,Mid-off,Player 13 saved a boundary,clean pick,run out
5,1,Team A,Player 20,58,Gully,Player 5 saved a boundary,good throw,missed stumping
9,2,Team C,Player 9,20,Fine Leg,Player 16 threw the ball to bowler,fumble,missed run out
8,1,Team C,Player 20,11,Square Leg,Player 1 threw the ball to bowler,fumble,missed run out
5,1,Team A,Player 15,53,Mid-off,Player 16 made a direct hit,catch,missed stumping
9,2,Team C,Player 5,46,Mid-off,Player 19 intercepted the ball,catch,missed run out
5,2,Team C,Player 1,57,Gully,Player 18 made a direct hit,catch,catch
7,2,Team B,Player 11,106,Fine Leg,Player 9 made a direct hit,good throw,missed run out
1,1,Team B,Player 12,98,Gully,Player 13 caught the ball,catch,missed run out
1,1,Team A,Player 13,79,Fine Leg,Player 6 caught the ball,drop catch,missed stumping
6,1,Team B,Player 14,85,Long-on,Player 11 missed a stumping opportunity,clean pick,missed stumping
3,2,Team D,Player 12,96,Cover,Player 10 made a direct hit,clean pick,direct hit
6,2,Team D,Player 1,6,Gully,Player 2 saved a boundary,catch,missed run out
2,2,Team B,Player 18,25,Slip,Player 16 threw to the wicketkeeper,catch,catch
2,2,Team A,Player 19,2,Point,Player 17 threw the ball to bowler,good throw,direct hit
3,1,Team B,Player 10,5,Gully,Player 2 saved a boundary,bad throw,run out
2,2,Team C,Player 9,17,Long-on,Player 14 threw the ball to bowler,drop catch,missed run out
4,2,Team C,Player 9,43,Gully,Player 1 saved a boundary,good throw,direct hit
1,2,Team B,Player 7,22,Third Man,Player 7 caught the ball in the deep,good throw,missed stumping
2,1,Team A,Player 6,116,Mid-off,Player 11 threw the ball to bowler,catch,direct hit
9,1,Team C,Player 7,12,Slip,Player 4 fumbled the ball,drop catch,catch
7,2,Team D,Player 3,33,Mid-off,Player 20 intercepted the ball,bad throw,missed stumping
5,1,Team C,Player 9,38,Cover,Player 17 saved a boundary,bad throw,catch
5,2,Team C,Player 1,52,Mid-off,Player 14 made a direct hit,good throw,catch
1,2,Team A,Player 10,108,Square Leg,Player 19 caught the ball,drop catch,run out
2,1,Team A,Player 17,114,Point,Player 11 caught the ball in the deep,drop catch,missed stumping
8,1,Team C,Player 2,92,Long-on,Player 8 dropped the catch,bad throw,missed stumping
5,2,Team C,Player 13,105,Long-on,Player 9 fumbled the ball,clean pick,catch
6,2,Team D,Player 1,110,Midwicket,Player 2 caught the ball in the deep,clean pick,run out
8,1,Team D,Player 4,56,Square Leg,Player 13 made a direct hit,catch,missed stumping
5,2,Team C,Player 18,19,Long-on,Player 14 dropped the catch,fumble,missed run out
6,1,Team B,Player 1,13,Point,Player 13 fumbled the ball,good throw,run out
6,2,Team C,Player 3,120,Cover,Player 11 intercepted the ball,catch,direct hit
9,2,Team D,Player 3,67,Point,Player 18 caught the ball in the deep,good throw,missed stumping
6,1,Team D,Player 7,16,Gully,Player 4 missed a stumping opportunity,bad throw,direct hit
3,2,Team A,Player 18,2,Point,Player 10 threw the ball to bowler,fumble,catch
3,1,Team C,Player 12,18,Point,Player 17 caught the ball in the deep,catch,catch
10,1,Team B,Player 12,49,Cover,Player 1 saved a boundary,bad throw,direct hit
1,1,Team A,Player 17,12,Gully,Player 19 threw to the wicketkeeper,bad throw,missed run out
6,2,Team C,Player 2,42,Cover,Player 6 intercepted the ball,good throw,direct hit
6,1,Team B,Player 18,13,Point,Player 1 fumbled the ball,clean pick,missed stumping
7,2,Team B,Player 15,79,Mid-off,Player 5 intercepted the ball,catch,missed run out
10,2,Team B,Player 6,36,Cover,Player 20 threw the ball to bowler,fumble,run out
7,1,Team C,Player 2,56,Cover,Player 18 intercepted the ball,fumble,run out
9,2,Team D,Player 17,16,Third Man,Player 15 made a direct hit,bad throw,run out
1,2,Team B,Player 15,30,Square Leg,Player 3 intercepted the ball,bad throw,run out
5,1,Team A,Player 1,2,Fine Leg,Player 3 fumbled the ball,clean pick,missed stumping
2,2,Team A,Player 1,73,Square Leg,Player 12 saved a boundary,clean pick,catch
5,1,Team A,Player 5,69,Fine Leg,Player 2 intercepted the ball,catch,run out
1,2,Team C,Player 9,71,Third Man,Player 1 intercepted the ball,clean pick,direct hit
2,2,Team A,Player 7,98,Gully,Player 12 missed a stumping opportunity,drop catch,missed stumping
5,1,Team D,Player 9,78,Midwicket,Player 10 dropped the catch,bad throw,missed run out
8,2,Team D,Player 17,116,Long-on,Player 9 intercepted the ball,drop catch,missed stumping
1,1,Team C,Player 5,3,Fine Leg,Player 19 caught the ball in the deep,fumble,missed stumping
5,1,Team C,Player 11,107,Long-on,Player 10 caught the ball in the deep,drop catch,missed stumping
10,1,Team C,Player 17,111,Slip,Player 17 intercepted the ball,good throw,run out
1,2,Team B,Player 17,51,Slip,Player 19 missed a stumping opportunity,clean pick,run out
5,2,Team B,Player 7,114,Slip,Player 13 intercepted the ball,drop catch,catch
7,1,Team A,Player 19,80,Cover,Player 3 threw to the wicketkeeper,clean pick,direct hit
1,1,Team D,Player 6,16,Slip,Player 17 caught the ball in the deep,clean pick,missed stumping
3,1,Team D,Player 16,93,Point,Player 12 caught the ball in the deep,clean pick,missed stumping
2,1,Team D,Player 17,81,Mid-off,Player 7 dropped the catch,fumble,catch
5,1,Team D,Player 16,89,Point,Player 4 saved a boundary,clean pick,direct hit
4,1,Team D,Player 9,65,Long-on,Player 12 fumbled the ball,bad throw,missed stumping
6,1,Team B,Player 17,100,Cover,Player 14 threw to the wicketkeeper,bad throw,missed stumping
10,2,Team D,Player 19,115,Point,Player 13 caught the ball in the deep,drop catch,run out
9,2,Team A,Player 8,15,Slip,Player 8 threw to the wicketkeeper,catch,missed run out
5,1,Team D,Player 7,105,Third Man,Player 5 caught the ball in the deep,good throw,direct hit
3,1,Team D,Player 4,87,Mid-off,Player 11 threw to the wicketkeeper,drop catch,run out
4,1,Team A,Player 15,53,Third Man,Player 2 made a direct hit,good throw,missed run out
8,2,Team C,Player 2,20,Mid-off,Player 20 missed a stumping opportunity,catch,catch
10,1,Team C,Player 2,98,Cover,Player 9 threw the ball to bowler,bad throw,run out
5,2,Team D,Player 8,62,Mid-off,Player 19 intercepted the ball,catch,missed run out
8,1,Team B,Player 12,18,Fine Leg,Player 1 caught the ball,fumble,run out
3,2,Team C,Player 4,15,Third Man,Player 18 saved a boundary,catch,catch
10,2,Team C,Player 2,116,Square Leg,Player 20 saved a boundary,good throw,run out
5,1,Team D,Player 19,18,Square Leg,Player 11 caught the ball,catch,catch
3,2,Team B,Player 8,82,Slip,Player 6 intercepted the ball,catch,missed run out
10,2,Team D,Player 10,71,Third Man,Player 12 fumbled the ball,drop catch,run out
8,2,Team A,Player 3,106,Cover,Player 9 fumbled the ball,fumble,catch
10,1,Team A,Player 10,21,Point,Player 8 threw the ball to bowler,good throw,catch
2,1,Team B,Player 6,58,Long-on,Player 15 threw the ball to bowler,fumble,direct hit
1,1,Team D,Player 16,90,Fine Leg,Player 16 missed a stumping opportunity,clean pick,run out
7,2,Team B,Player 8,27,Cover,Player 6 intercepted the ball,bad throw,direct hit
7,2,Team B,Player 17,8,Third Man,Player 13 saved a boundary,clean pick,catch
10,1,Team D,Player 19,111,Third Man,Player 20 made a direct hit,drop catch,missed stumping
10,2,Team B,Player 7,57,Long-on,Player 15 caught the ball in the deep,fumble,missed run out
2,1,Team A,Player 17,6,Fine Leg,Player 14 caught the ball in the deep,bad throw,direct hit
1,1,Team D,Player 12,99,Midwicket,Player 7 made a direct hit,drop catch,direct hit
1,2,Team C,Player 17,8,Slip,Player 7 saved a boundary,bad throw,missed run out
7,2,Team C,Player 16,87,Square Leg,Player 11 dropped the catch,good throw,direct hit
6,2,Team D,Player 6,113,Midwicket,Player 8 dropped the catch,clean pick,run out
1,2,Team D,Player 14,83,Long-on,Player 8 made a direct hit,drop catch,catch
6,1,Team C,Player 9,20,Square Leg,Player 10 caught the ball in the deep,clean pick,missed run out
4,2,Team D,Player 1,101,Gully,Player 20 made a direct hit,good throw,catch
2,2,Team A,Player 10,13,Square Leg,Player 6 saved a boundary,catch,missed run out
7,2,Team C,Player 15,53,Gully,Player 4 dropped the catch,bad throw,direct hit
7,2,Team B,Player 12,31,Third Man,Player 2 intercepted the ball,bad throw,catch
3,2,Team B,Player 8,78,Midwicket,Player 20 made a direct hit,bad throw,missed run out
2,1,Team D,Player 6,43,Long-on,Player 3 missed a stumping opportunity,good throw,catch
5,1,Team D,Player 2,91,Long-on,Player 20 fumbled the ball,drop catch,run out
2,1,Team A,Player 17,48,Gully,Player 3 missed a stumping opportunity,drop catch,missed run out
5,1,Team A,Player 1,8,Cover,Player 2 missed a stumping opportunity,catch,missed stumping
8,2,Team D,Player 12,43,Gully,Player 8 intercepted the ball,fumble,direct hit
9,1,Team D,Player 20,42,Slip,Player 6 fumbled the ball,catch,missed run out
3,2,Team D,Player 18,85,Cover,Player 3 fumbled the ball,fumble,missed stumping
5,2,Team C,Player 1,34,Slip,Player 15 intercepted the ball,fumble,catch
9,1,Team B,Player 4,96,Square Leg,Player 10 missed a stumping opportunity,bad throw,catch
4,2,Team C,Player 18,76,Third Man,Player 18 caught the ball,bad throw,run out
7,2,Team A,Player 3,94,Mid-off,Player 2 caught the ball in the deep,fumble,run out
3,1,Team A,Player 18,7,Long-on,Player 3 threw the ball to bowler,good throw,direct hit
6,2,Team B,Player 9,56,Slip,Player 20 made a direct hit,fumble,catch
10,2,Team C,Player 16,36,Cover,Player 2 threw the ball to bowler,good throw,missed run out
10,2,Team B,Player 4,45,Midwicket,Player 16 saved a boundary,good throw,missed run out
7,1,Team C,Player 1,112,Fine Leg,Player 5 caught the ball in the deep,catch,run out
8,2,Team B,Player 16,76,Cover,Player 2 threw to the wicketkeeper,drop catch,missed stumping
4,1,Team D,Player 16,58,Third Man,Player 8 threw to the wicketkeeper,fumble,missed run out
4,2,Team A,Player 16,66,Square Leg,Player 9 intercepted the ball,clean pick,direct hit
1,2,Team B,Player 18,85,Mid-off,Player 7 fumbled the ball,bad throw,missed run out
3,2,Team C,Player 12,42,Mid-off,Player 3 made a direct hit,catch,direct hit
10,1,Team D,Player 12,52,Cover,Player 12 saved a boundary,fumble,missed stumping
4,2,Team C,Player 13,68,Square Leg,Player 14 caught the ball in the deep,fumble,run out
5,1,Team A,Player 6,61,Point,Player 2 threw to the wicketkeeper,good throw,missed stumping
5,1,Team A,Player 15,17,Midwicket,Player 18 threw the ball to bowler,catch,run out
5,1,Team B,Player 11,23,Slip,Player 8 caught the ball in the deep,catch,missed run out
10,1,Team B,Player 15,51,Point,Player 2 intercepted the ball,fumble,catch
9,2,Team C,Player 1,74,Point,Player 5 threw the ball to bowler,clean pick,missed stumping
5,2,Team B,Player 3,84,Mid-off,Player 16 made a direct hit,good throw,missed stumping
3,2,Team C,Player 20,118,Long-on,Player 16 caught the ball in the deep,bad throw,catch
1,2,Team A,Player 4,70,Cover,Player 16 made a direct hit,fumble,direct hit
5,2,Team D,Player 8,9,Mid-off,Player 1 threw to the wicketkeeper,fumble,missed run out
7,2,Team D,Player 11,60,Slip,Player 2 fumbled the ball,catch,run out
6,1,Team C,Player 3,86,Gully,Player 3 dropped the catch,clean pick,missed run out
3,1,Team A,Player 20,42,Point,Player 19 caught the ball in the deep,good throw,missed run out
6,2,Team A,Player 15,3,Long-on,Player 15 threw the ball to bowler,drop catch,missed run out
5,2,Team D,Player 8,13,Point,Player 16 made a direct hit,drop catch,run out
2,2,Team A,Player 17,18,Fine Leg,Player 16 threw to the wicketkeeper,clean pick,missed run out
5,2,Team B,Player 8,100,Fine Leg,Player 9 caught the ball,clean pick,missed run out
1,2,Team D,Player 6,108,Square Leg,Player 20 saved a boundary,fumble,missed stumping
10,2,Team D,Player 9,78,Point,Player 8 caught the ball,fumble,direct hit
7,2,Team A,Player 14,74,Long-on,Player 14 threw to the wicketkeeper,good throw,missed stumping
1,2,Team D,Player 4,55,Cover,Player 20 threw the ball to bowler,bad throw,direct hit
7,1,Team A,Player 5,10,Mid-off,Player 8 made a direct hit,bad throw,catch
1,2,Team B,Player 20,11,Fine Leg,Player 18 saved a boundary,drop catch,run out
3,2,Team A,Player 16,103,Mid-off,Player 8 threw to the wicketkeeper,clean pick,missed run out
4,1,Team B,Player 14,2,Third Man,Player 12 saved a boundary,clean pick,run out
5,1,Team D,Player 3,28,Point,Player 19 fumbled the ball,bad throw,run out
9,2,Team A,Player 4,85,Gully,Player 3 dropped the catch,fumble,catch
1,2,Team A,Player 10,117,Midwicket,Player 2 fumbled the ball,good throw,catch
1,2,Team B,Player 17,24,Cover,Player 2 caught the ball in the deep,bad throw,missed run out
6,2,Team A,Player 16,27,Cover,Player 2 fumbled the ball,good throw,direct hit
1,2,Team A,Player 1,110,Long-on,Player 7 fumbled the ball,catch,missed stumping
9,2,Team A,Player 4,115,Point,Player 9 caught the ball in the deep,fumble,missed stumping
3,2,Team D,Player 11,116,Gully,Player 15 fumbled the ball,bad throw,missed stumping
3,2,Team A,Player 20,16,Gully,Player 18 threw to the wicketkeeper,clean pick,catch
9,2,Team A,Player 8,17,Point,Player 16 made a direct hit,bad throw,direct hit
9,1,Team A,Player 10,59,Mid-off,Player 6 intercepted the ball,drop catch,missed stumping
8,1,Team D,Player 17,79,Square Leg,Player 17 caught the ball,clean pick,direct hit
8,2,Team A,Player 17,80,Square Leg,Player 8 fumbled the ball,good throw,run out
7,1,Team B,Player 16,51,Slip,Player 9 made a direct hit,bad throw,missed stumping
1,1,Team C,Player 1,16,Square Leg,Player 3 dropped the catch,good throw,missed run out
5,2,Team C,Player 9,70,Square Leg,Player 1 missed a stumping opportunity,fumble,missed run out
8,1,Team C,Player 20,97,Mid-off,Player 15 saved a boundary,good throw,catch
6,1,Team C,Player 20,83,Mid-off,Player 15 saved a boundary,bad throw,catch
8,1,Team C,Player 16,43,Fine Leg,Player 4 missed a stumping opportunity,good throw,direct hit
1,2,Team C,Player 1,45,Square Leg,Player 10 caught the ball,good throw,missed run out
10,1,Team A,Player 8,82,Mid-off,Player 13 made a direct hit,fumble,direct hit
6,2,Team D,Player 12,21,Cover,Player 2 threw the ball to bowler,good throw,missed stumping
9,1,Team C,Player 4,69,Long-on,Player 9 missed a stumping opportunity,clean pick,catch
5,2,Team B,Player 18,118,Point,Player 18 fumbled the ball,drop catch,missed stumping
1,2,Team B,Player 9,48,Midwicket,Player 9 saved a boundary,good throw,missed run out
1,2,Team A,Player 18,42,Slip,Player 18 dropped the catch,fumble,catch
8,2,Team C,Player 10,13,Midwicket,Player 17 missed a stumping opportunity,good throw,run out
10,2,Team D,Player 18,109,Third Man,Player 9 dropped the catch,good throw,direct hit
10,2,Team D,Player 16,28,Point,Player 13 caught the ball,catch,catch
9,2,Team B,Player 12,48,Gully,Player 5 threw to the wicketkeeper,bad throw,run out
7,2,Team B,Player 1,88,Long-on,Player 8 threw the ball to bowler,bad throw,missed run out
4,2,Team C,Player 7,50,Point,Player 4 fumbled the ball,good throw,missed run out
2,1,Team C,Player 16,41,Midwicket,Player 2 caught the ball in the deep,clean pick,missed stumping
4,2,Team A,Player 8,52,Slip,Player 17 dropped the catch,catch,catch
3,2,Team A,Player 13,102,Cover,Player 1 missed a stumping opportunity,fumble,catch
3,1,Team C,Player 19,14,Point,Player 4 made a direct hit,good throw,missed stumping
4,1,Team A,Player 19,76,Long-on,Player 5 fumbled the ball,good throw,direct hit
8,1,Team C,Player 14,88,Fine Leg,Player 17 intercepted the ball,clean pick,direct hit
9,1,Team A,Player 3,4,Point,Player 6 fumbled the ball,bad throw,catch
5,1,Team C,Player 11,50,Point,Player 10 made a direct hit,drop catch,run out
9,2,Team A,Player 9,69,Long-on,Player 20 missed a stumping opportunity,bad throw,missed stumping
6,2,Team D,Player 10,110,Square Leg,Player 11 threw to the wicketkeeper,bad throw,run out
4,2,Team A,Player 4,44,Cover,Player 3 threw to the wicketkeeper,fumble,missed run out
3,2,Team C,Player 17,77,Long-on,Player 11 dropped the catch,catch,missed run out
6,2,Team B,Player 13,48,Slip,Player 8 caught the ball,catch,catch
5,2,Team D,Player 1,24,Slip,Player 10 caught the ball,good throw,run out
4,1,Team C,Player 18,36,Mid-off,Player 20 threw the ball to bowler,catch,missed run out
3,1,Team B,Player 11,23,Slip,Player 4 caught the ball,fumble,catch
6,2,Team B,Player 17,78,Fine Leg,Player 15 intercepted the ball,clean pick,missed run out
3,1,Team D,Player 6,51,Gully,Player 9 saved a boundary,catch,direct hit
7,2,Team B,Player 19,13,Mid-off,Player 11 caught the ball in the deep,good throw,missed run out
1,2,Team C,Player 17,94,Cover,Player 16 made a direct hit,fumble,direct hit
10,2,Team B,Player 11,11,Slip,Player 3 caught the ball in the deep,drop catch,run out
7,1,Team A,Player 14,44,Long-on,Player 10 missed a stumping opportunity,fumble,missed stumping
1,1,Team D,Player 7,92,Point,Player 4 intercepted the ball,fumble,run out
5,1,Team A,Player 12,33,Midwicket,Player 13 threw to the wicketkeeper,clean pick,missed run out
4,1,Team D,Player 3,16,Cover,Player 16 caught the ball in the deep,catch,direct hit
7,2,Team D,Player 16,71,Mid-off,Player 17 fumbled the ball,drop catch,catch
2,2,Team A,Player 4,105,Slip,Player 2 threw to the wicketkeeper,fumble,catch
2,1,Team A,Player 17,57,Third Man,Player 10 caught the ball in the deep,good throw,run out
8,2,Team A,Player 4,120,Square Leg,Player 1 caught the ball in the deep,catch,run out
8,2,Team C,Player 2,38,Square Leg,Player 1 caught the ball in the deep,good throw,catch
5,2,Team D,Player 18,5,Slip,Player 13 saved a boundary,fumble,missed stumping
2,1,Team A,Player 1,73,Midwicket,Player 19 caught the ball in the deep,catch,direct hit
9,1,Team D,Player 4,41,Long-on,Player 7 caught the ball,drop catch,missed run out
10,2,Team A,Player 14,101,Third Man,Player 1 dropped the catch,drop catch,catch
4,1,Team C,Player 19,78,Long-on,Player 1 dropped the catch,catch,run out
8,1,Team B,Player 16,102,Gully,Player 4 missed a stumping opportunity,good throw,direct hit
5,1,Team B,Player 3,101,Gully,Player 14 missed a stumping opportunity,catch,missed stumping
10,1,Team B,Player 7,13,Fine Leg,Player 7 threw to the wicketkeeper,good throw,run out
8,2,Team D,Player 13,39,Long-on,Player 6 fumbled the ball,drop catch,missed stumping
1,1,Team D,Player 11,119,Mid-off,Player 11 fumbled the ball,catch,missed run out
4,2,Team C,Player 15,7,Mid-off,Player 13 fumbled the ball,drop catch,catch
6,2,Team B,Player 16,98,Gully,Player 9 made a direct hit,good throw,run out
8,1,Team A,Player 13,106,Square Leg,Player 16 dropped the catch,clean pick,missed run out
4,1,Team C,Player 20,45,Gully,Player 15 fumbled the ball,good throw,run out
6,2,Team A,Player 17,42,Cover,Player 2 fumbled the ball,clean pick,run out
9,1,Team B,Player 3,103,Midwicket,Player 16 threw to the wicketkeeper,good throw,catch
8,1,Team B,Player 19,33,Midwicket,Player 20 intercepted the ball,bad throw,direct hit
4,2,Team B,Player 1,104,Midwicket,Player 2 made a direct hit,good throw,catch
8,2,Team D,Player 7,9,Third Man,Player 1 caught the ball in the deep,fumble,missed stumping
10,1,Team D,Player 5,16,Slip,Player 17 fumbled the ball,drop catch,direct hit
8,1,Team B,Player 19,111,Cover,Player 9 fumbled the ball,clean pick,catch
2,2,Team D,Player 14,53,Slip,Player 9 caught the ball,bad throw,missed stumping
5,2,Team B,Player 8,98,Fine Leg,Player 6 saved a boundary,bad throw,catch
10,1,Team D,Player 14,50,Long-on,Player 14 threw to the wicketkeeper,drop catch,missed run out
9,2,Team B,Player 14,28,Cover,Player 4 fumbled the ball,bad throw,catch
6,2,Team C,Player 17,68,Long-on,Player 4 saved a boundary,clean pick,run out
7,1,Team B,Player 17,102,Mid-off,Player 19 caught the ball in the deep,clean pick,run out
3,2,Team B,Player 15,19,Midwicket,Player 18 fumbled the ball,bad throw,run out
6,1,Team B,Player 15,116,Long-on,Player 5 threw to the wicketkeeper,good throw,catch
7,1,Team A,Player 11,111,Mid-off,Player 18 made a direct hit,bad throw,missed run out
1,2,Team C,Player 1,120,Slip,Player 12 missed a stumping opportunity,good throw,run out
10,1,Team A,Player 18,60,Point,Player 13 dropped the catch,drop catch,catch
1,1,Team C,Player 20,117,Gully,Player 13 dropped the catch,fumble,direct hit
8,1,Team D,Player 9,34,Square Leg,Player 10 fumbled the ball,bad throw,missed run out
